name,gender,department,cpi,section,project,group,allocated_preference
Akash Kapadia,female,CL,8.49,1,1,1,94
Meera Nikam,male,CL,7.78,1,1,1,99
Neetu Mathur,male,ME,7.75,1,1,1,97
Neha Dutta,male,ME,7.22,1,1,1,91
Diya Gupta,male,ME,8.63,1,1,1,90
Akash Mishra,male,ME,7.37,1,1,1,98
Neha Mukherjee,male,ME,8.14,1,1,2,99
Tarun Pandey,male,ME,7.84,1,1,2,92
Anita Mahajan,male,CL,8.39,1,1,2,99
Diya Reddy,male,ME,6.7,1,1,2,87
Anushka Chawla,male,CL,8.43,1,1,2,99
Rahul Sethi,female,ME,6.91,1,1,2,98
Siddhi Chauhan,male,ME,6.72,1,1,3,96
Kabir Gogoi,male,CL,7.79,1,1,3,96
Arnav Banerjee,male,CL,8.59,1,1,3,99
Akash Khandelwal,male,ME,8.69,1,1,3,84
Anika Roy,male,ME,6.62,1,1,3,96
Pranav Nambiar,female,ME,8.7,1,1,3,93
Riya Sen,male,ME,8.11,1,1,4,100
Sanya Ghosh,male,CL,8.05,1,1,4,98
Saurabh Saxena,male,ME,8.16,1,1,4,95
Kartik Reddy,male,ME,8.9,1,1,4,86
Neetu Nambiar,male,CL,8.16,1,1,4,98
Rohit Sethi,female,ME,7.97,1,1,4,98
Simran Pillai,male,CL,7.94,1,1,5,84
Tarun Raman,male,CL,8.06,1,1,5,94
Tarun Mishra,male,CL,7.05,1,1,5,95
Anita Sinha,male,ME,8.35,1,1,5,100
Siddhi Raut,female,ME,6.71,1,1,5,84
Isha Kumar,male,ME,8.26,1,1,5,93
Lata Bhatia,female,ME,7.04,1,2,1,31
Anika Nair,male,ME,7.51,1,2,1,37
Sameer Joshi,male,ME,6.57,1,2,1,37
Kritika Verma,male,CL,6.98,1,2,1,24
Prakash Dubey,male,CL,7.08,1,2,1,34
Bhavna Bhardwaj,male,ME,8.0,1,2,1,31
Manish Yadav,male,ME,8.96,1,2,2,39
Vikas Nandan,male,CL,6.91,1,2,2,40
Aarohi Joshi,female,ME,8.84,1,2,2,37
Alka Ranganathan,male,ME,7.63,1,2,2,29
Devansh Gogoi,male,ME,6.01,1,2,2,40
Tara Reddy,male,CL,8.77,1,2,2,39
Kunal Chatterjee,female,CL,8.46,1,2,3,39
Simran Swamy,male,CL,8.17,1,2,3,34
Maya Mahajan,male,ME,9.05,1,2,3,30
Vikram Trivedi,male,ME,8.59,1,2,3,39
Nisha Jha,male,CL,8.79,1,2,3,37
Sanya Khanna,male,CL,8.41,1,2,3,32
Manish Sinha,male,ME,8.17,1,2,4,38
Shreya Choudhury,female,CL,9.39,1,2,4,36
Isha Pandey,male,CL,8.36,1,2,4,31
Arjun Suresh,male,CL,8.42,1,2,4,37
Rhea Verma,male,CL,9.04,1,2,4,39
Kabir Chakraborty,male,ME,9.23,1,2,4,40
Rekha Sengupta,female,CL,8.29,1,2,5,39
Siddharth Joshi,male,ME,6.59,1,2,5,38
Manish Khandelwal,male,ME,7.7,1,2,5,25
Aditi Kumar,male,CL,8.29,1,2,5,32
Harsh Malhotra,male,ME,8.89,1,2,5,34
Raj Mukherjee,male,ME,7.77,1,2,5,34
Neelam Bhardwaj,male,ME,9.16,1,3,1,93
Ayesha Pandey,male,CL,8.08,1,3,1,92
Anika Desai,male,CL,7.72,1,3,1,97
Ananya Reddy,male,ME,7.95,1,3,1,91
Ajay Bhattacharya,female,ME,6.55,1,3,1,100
Aarav Karthik,male,CL,8.82,1,3,1,91
Vikas Naidu,male,CL,7.64,1,3,2,90
Raj Khanna,male,CL,8.09,1,3,2,85
Anjali Verma,male,ME,8.76,1,3,2,96
Pooja Reddy,male,ME,9.38,1,3,2,95
Kunal Dixit,male,ME,8.85,1,3,2,93
Lata Das,female,ME,6.63,1,3,2,88
Sameer Tiwari,female,CL,8.26,1,3,3,92
Tanvi Chakraborty,male,CL,8.85,1,3,3,95
Tarun Mukherjee,male,ME,8.07,1,3,3,99
Anika Mukherjee,male,ME,7.88,1,3,3,89
Neetu Singhal,male,ME,8.14,1,3,3,99
Sneha Chawla,male,ME,7.52,1,3,3,96
Maya Bhatt,female,CL,8.6,1,3,4,93
Tara Vyas,male,CL,7.8,1,3,4,97
Arnav Vyas,male,ME,7.97,1,3,4,94
Neelam Chawla,male,ME,7.86,1,3,4,93
Arjun Iyer,male,ME,8.28,1,3,4,100
Isha Dubey,male,ME,9.1,1,3,4,85
Abhishek Bhatia,male,ME,9.45,1,3,5,95
Vishal Mathur,male,CL,7.39,1,3,5,95
Kunal Sood,male,ME,6.79,1,3,5,93
Siddhi Trivedi,male,CL,7.52,1,3,5,98
Tanvi Menon,male,ME,8.04,1,3,5,93
Rajesh Suresh,female,ME,6.96,1,3,5,100
Rhea Bhatia,male,CL,6.93,1,4,1,9
Neelam Kapadia,male,ME,7.34,1,4,1,15
Kiran Shah,male,ME,8.41,1,4,1,17
Aarohi Singh,female,ME,8.76,1,4,1,15
Karan Deshmukh,male,CL,8.7,1,4,1,15
Ajay Kumar,male,CL,8.1,1,4,1,13
Rohit Gautam,male,CL,8.49,1,4,2,18
Gaurav Ghosh,male,ME,7.18,1,4,2,11
Arnav Sen,male,ME,7.19,1,4,2,17
Kartik Naidu,female,ME,7.83,1,4,2,14
Rajesh Nandan,male,CL,7.25,1,4,2,8
Meera Nambiar,male,CL,8.51,1,4,2,9
Ishita Bhattacharya,male,CL,7.22,1,4,3,3
Vishal Joshi,male,CL,8.03,1,4,3,13
Aditi Joshi,male,ME,8.22,1,4,3,6
Sanjay Bhatia,male,ME,7.13,1,4,3,9
Divya Bhatia,male,ME,7.98,1,4,3,12
Rajat Naidu,female,ME,9.05,1,4,3,18
Ramesh Sinha,male,CL,7.09,1,4,4,17
Rahul Yadav,male,ME,8.35,1,4,4,19
Sneha Menon,male,ME,8.75,1,4,4,6
Manish Bose,male,ME,8.07,1,4,4,17
Yash Rana,male,ME,8.31,1,4,4,13
Rakesh Sengupta,female,CL,8.44,1,4,4,18
Aditya Reddy,male,CL,8.3,1,5,1,23
Divya Menon,male,CL,6.0,1,5,1,33
Tanvi Choudhury,male,CL,7.21,1,5,1,33
Devansh Suresh,female,ME,8.52,1,5,1,24
Kunal Dutta,male,CL,7.04,1,5,1,34
Simran Desai,female,ME,7.01,1,5,1,34
Gaurav Banerjee,male,ME,9.02,1,5,1,25
Abhishek Raut,male,CL,8.75,1,5,2,34
Amitabh Sethi,female,CL,8.67,1,5,2,29
Lata Bose,male,CL,8.78,1,5,2,34
Sachin Malik,male,ME,7.77,1,5,2,29
Kabir Saxena,male,ME,9.08,1,5,2,33
Lata Prasad,male,CL,7.1,1,5,2,27
Rohit Swamy,male,ME,7.02,1,5,2,30
Rahul Mahajan,male,CL,7.69,1,5,3,31
Rajat Kulkarni,male,CL,7.18,1,5,3,35
Lata Deshmukh,male,ME,6.54,1,5,3,18
Aditi Nair,female,CL,8.56,1,5,3,28
Rohan Singh,male,ME,9.13,1,5,3,31
Nisha Choudhury,male,CL,7.93,1,5,3,21
Siddharth Sood,male,ME,8.24,1,5,4,25
Rakesh Gautam,male,CL,7.16,1,5,4,35
Vikas Dixit,female,CL,8.38,1,5,4,32
Bhavna Pande,male,CL,8.56,1,5,4,32
Nisha Mathur,male,ME,6.61,1,5,4,28
Harsh Sharma,male,CL,7.76,1,5,4,30
Manish Dubey,male,CL,9.03,1,6,1,92
Rajesh Nikam,male,ME,8.4,1,6,1,87
Simran Agarwal,male,ME,8.14,1,6,1,98
Kavya Desai,male,CL,8.54,1,6,1,79
Naina Prasad,female,ME,9.3,1,6,1,97
Amitabh Raman,male,ME,8.21,1,6,1,100
Anita Agarwal,male,ME,8.26,1,6,2,99
Nisha Deshmukh,male,CL,8.83,1,6,2,92
Rekha Vyas,male,CL,7.72,1,6,2,96
Divya Joshi,female,ME,7.6,1,6,2,95
Pooja Saxena,male,ME,9.12,1,6,2,99
Divya Varma,male,ME,8.25,1,6,2,95
Riya Reddy,male,CL,7.62,1,6,3,91
Maya Dasgupta,male,CL,7.59,1,6,3,91
Meera Pillai,male,ME,9.04,1,6,3,93
Rhea Rana,male,ME,7.57,1,6,3,81
Tarun Jain,male,ME,7.17,1,6,3,81
Ananya Desai,female,ME,7.5,1,6,3,96
Mohit Suresh,female,CL,8.54,1,6,4,79
Manish Das,male,ME,6.65,1,6,4,76
Siddharth Nair,male,CL,7.41,1,6,4,95
Aditi Pande,male,ME,7.91,1,6,4,99
Pooja Agarwal,male,ME,9.0,1,6,4,85
Simran Kulkarni,male,ME,7.43,1,6,4,87
Kunal Karthik,female,CL,7.7,1,6,5,91
Ramesh Karthik,male,ME,9.19,1,6,5,94
Rhea Kumar,male,ME,7.25,1,6,5,84
Nisha Iyer,male,ME,7.56,1,6,5,95
Kartik Banerjee,male,ME,8.18,1,6,5,83
Anita Yadav,male,CL,8.34,1,6,5,92
Meera Swamy,female,CE,8.92,2,1,1,93
Nidhi Bhatt,male,CE,8.65,2,1,1,100
Nisha Malik,male,MM,7.36,2,1,1,95
Diya Pandey,male,MM,7.24,2,1,1,96
Arjun Bhattacharya,male,MM,7.06,2,1,1,93
Rhea Dutta,male,MM,8.14,2,1,1,99
Diya Raman,female,MM,8.42,2,1,2,98
Divya Roy,male,MM,8.56,2,1,2,97
Rajesh Pillai,male,MM,8.04,2,1,2,95
Rajat Bose,male,CE,7.83,2,1,2,98
Harsh Gupta,male,CE,8.01,2,1,2,97
Divya Dasgupta,male,MM,8.36,2,1,2,100
Yash Nandan,male,MM,7.88,2,1,3,97
Ajay Malhotra,male,CE,7.91,2,1,3,98
Rahul Thakur,male,CE,7.75,2,1,3,99
Kiran Pande,male,CE,7.12,2,1,3,93
Maya Naidu,female,MM,7.91,2,1,3,98
Nidhi Ranganathan,male,CE,7.76,2,1,3,93
Aditya Yadav,male,CE,7.16,2,1,4,86
Kabir Gupta,male,CE,7.46,2,1,4,95
Neelam Solanki,male,CE,8.35,2,1,4,99
Neetu Mukherjee,male,MM,8.46,2,1,4,100
Rohan Nandan,male,MM,6.67,2,1,4,99
Alka Reddy,female,CE,7.91,2,1,4,96
Vikas Jha,male,CE,8.89,2,1,5,96
Aarav Deshmukh,male,CE,8.19,2,1,5,95
Sanjay Sengupta,male,CE,6.88,2,1,5,100
Aditi Nikam,male,MM,8.73,2,1,5,93
Ritu Patel,female,MM,6.35,2,1,5,99
Simran Deshmukh,male,CE,8.71,2,1,5,100
Sanya Naidu,female,CE,7.9,2,2,1,25
Arnav Dixit,male,MM,8.24,2,2,1,37
Sanjay Sinha,male,CE,7.19,2,2,1,37
Divya Shah,male,CE,8.63,2,2,1,32
Aarav Mehta,male,MM,8.44,2,2,1,34
Aarohi Reddy,male,CE,6.98,2,2,1,38
Anita Choudhury,male,MM,8.83,2,2,2,26
Alka Patel,male,CE,6.05,2,2,2,29
Deepak Rao,male,CE,7.79,2,2,2,30
Raj Dutta,female,CE,7.88,2,2,2,39
Simran Jain,male,MM,7.69,2,2,2,35
Bhavna Banerjee,male,CE,9.24,2,2,2,34
Karan Kapadia,female,CE,8.75,2,2,3,33
Ananya Sharma,male,MM,8.47,2,2,3,30
Anita Chauhan,male,CE,7.71,2,2,3,35
Rakesh Rana,male,MM,8.54,2,2,3,31
Isha Pande,male,CE,7.72,2,2,3,39
Diya Pande,male,CE,7.42,2,2,3,37
Bhavna Menon,male,CE,7.38,2,2,4,38
Maya Dubey,male,MM,7.98,2,2,4,30
Anushka Banerjee,male,MM,8.42,2,2,4,36
Ananya Dixit,male,CE,8.09,2,2,4,36
Vishal Menon,female,CE,8.26,2,2,4,25
Raj Kapoor,male,CE,7.92,2,2,4,28
Nisha Varma,male,MM,6.77,2,3,1,100
Priya Chauhan,female,CE,7.82,2,3,1,100
Mohit Jain,male,CE,8.15,2,3,1,97
Neetu Bhatia,male,MM,6.57,2,3,1,95
Saurabh Roy,male,CE,8.78,2,3,1,95
Rajesh Mahajan,male,CE,7.88,2,3,1,99
Divya Rana,male,CE,8.11,2,3,2,96
Kiran Roy,male,MM,8.12,2,3,2,98
Sameer Pillai,female,CE,7.92,2,3,2,94
Devansh Pillai,male,MM,8.63,2,3,2,91
Anjali Singhal,male,CE,7.79,2,3,2,83
Alka Vyas,male,CE,8.18,2,3,2,94
Gaurav Joshi,male,CE,7.92,2,3,3,98
Shreya Trivedi,female,MM,6.65,2,3,3,100
Siddharth Shukla,male,MM,6.59,2,3,3,87
Sachin Joshi,male,CE,8.19,2,3,3,94
Nisha Dixit,male,MM,8.09,2,3,3,94
Amitabh Gautam,male,MM,6.92,2,3,3,100
Anika Raut,male,CE,7.95,2,3,4,95
Nisha Gautam,male,MM,7.94,2,3,4,85
Isha Vyas,female,CE,6.22,2,3,4,96
Ishita Roy,female,MM,8.35,2,3,4,94
Karan Nair,male,MM,8.52,2,3,4,86
Rhea Chakraborty,male,MM,7.57,2,3,4,96
Anika Gautam,male,MM,8.48,2,4,1,14
Sanjay Kapoor,male,CE,8.83,2,4,1,11
Ananya Nandan,male,CE,8.45,2,4,1,18
Karan Patel,female,CE,9.06,2,4,1,19
Meera Prasad,male,MM,6.91,2,4,1,11
Naina Rajput,male,CE,8.06,2,4,1,10
Manisha Yadav,male,CE,6.99,2,4,2,15
Naina Bose,male,CE,6.96,2,4,2,18
Nikhil Mahajan,male,CE,7.17,2,4,2,18
Manav Chakraborty,male,CE,8.33,2,4,2,6
Lata Jain,female,MM,7.85,2,4,2,20
Shreya Shah,male,MM,7.53,2,4,2,14
Rekha Malhotra,male,CE,9.18,2,4,3,17
Sameer Malik,male,CE,7.65,2,4,3,20
Rahul Pillai,male,MM,6.96,2,4,3,20
Aditi Pandey,female,CE,8.34,2,4,3,20
Ajay Dubey,male,MM,7.44,2,4,3,8
Aarohi Trivedi,male,CE,8.03,2,4,3,18
Vishal Sengupta,male,MM,8.26,2,4,4,19
Siddharth Dixit,male,CE,6.86,2,4,4,18
Abhishek Yadav,male,CE,7.02,2,4,4,16
Meera Khanna,male,CE,7.64,2,4,4,20
Bhavna Das,male,MM,7.52,2,4,4,18
Rahul Sharma,female,CE,8.11,2,4,4,18
Neetu Nair,female,CE,8.94,2,5,1,26
Anushka Verma,male,MM,7.37,2,5,1,29
Priya Prasad,male,CE,7.2,2,5,1,30
Deepak Bose,male,MM,8.07,2,5,1,34
Raj Mehta,male,MM,7.43,2,5,1,23
Rajesh Verma,male,CE,7.06,2,5,1,33
Manav Kumar,male,MM,8.61,2,5,2,33
Rohan Sen,female,CE,7.85,2,5,2,25
Meera Gautam,female,CE,7.99,2,5,2,34
Anushka Bhattacharya,male,CE,8.85,2,5,2,24
Meera Nandan,male,MM,8.01,2,5,2,27
Isha Joshi,male,MM,7.03,2,5,2,28
Ramesh Solanki,male,CE,8.46,2,5,3,34
Yash Joshi,male,MM,8.64,2,5,3,24
Manish Nair,male,MM,6.03,2,5,3,24
Rohan Thakur,male,CE,7.51,2,5,3,33
Rohan Ranganathan,male,MM,6.6,2,5,3,35
Abhishek Nair,female,CE,7.56,2,5,3,32
Saurabh Joshi,male,CE,7.91,2,5,4,35
Gaurav Pandey,male,CE,7.77,2,5,4,21
Prakash Rajput,female,CE,8.74,2,5,4,19
Nikhil Nandan,male,CE,7.59,2,5,4,27
Raj Nair,male,MM,8.5,2,5,4,25
Kritika Kapadia,male,MM,8.17,2,5,4,35
Sachin Shukla,male,CE,7.03,2,6,1,96
Pranav Kapadia,female,MM,8.54,2,6,1,95
Karan Nikam,male,CE,8.13,2,6,1,90
Sanjay Menon,male,CE,8.3,2,6,1,87
Meera Rao,male,MM,8.38,2,6,1,91
Vikas Choudhury,male,MM,8.04,2,6,1,92
Devansh Banerjee,male,MM,7.54,2,6,2,92
Nikhil Kumar,female,CE,8.37,2,6,2,100
Shruti Reddy,male,CE,8.91,2,6,2,86
Neelam Yadav,male,CE,7.22,2,6,2,97
Manav Chauhan,male,CE,7.8,2,6,2,98
Simran Sengupta,male,MM,8.58,2,6,2,89
Pallavi Rana,male,CE,8.15,2,6,3,92
Smita Mathur,male,CE,8.17,2,6,3,99
Sachin Kapadia,male,MM,8.57,2,6,3,81
Nisha Ranganathan,male,MM,6.9,2,6,3,88
Nikhil Chakraborty,female,MM,6.53,2,6,3,98
Tara Banerjee,male,MM,6.79,2,6,3,92
Karan Sharma,male,MM,8.76,2,6,4,90
Neha Jha,male,CE,7.41,2,6,4,84
Sneha Banerjee,male,MM,6.84,2,6,4,96
Raj Shukla,male,MM,6.71,2,6,4,84
Pallavi Malhotra,male,MM,6.85,2,6,4,88
Sanjay Reddy,female,CE,8.07,2,6,4,92
Raj Pillai,male,AE,7.09,3,1,1,96
Aarav Khanna,male,AE,6.1,3,1,1,85
Manish Mathur,male,AE,7.37,3,1,1,93
Rajiv Malhotra,male,AE,7.44,3,1,1,100
Rakesh Rajput,female,CS,9.53,3,1,1,95
Swati Bhattacharya,female,CS,9.64,3,1,1,100
Meera Mukherjee,male,CS,6.55,3,1,1,98
Ramesh Das,male,AE,8.37,3,1,2,96
Raj Varma,female,CH,8.0,3,1,2,96
Vikas Khandelwal,male,CS,8.79,3,1,2,99
Abhishek Sen,male,CS,8.99,3,1,2,96
Vikas Sengupta,male,CS,8.65,3,1,2,92
Lata Gupta,male,CS,8.34,3,1,2,99
Mohit Gogoi,male,AE,6.97,3,1,3,99
Harsh Karthik,male,AE,8.61,3,1,3,100
Lata Thakur,male,CS,7.76,3,1,3,90
Anita Sethi,male,CS,8.73,3,1,3,98
Shreya Saxena,male,CS,8.32,3,1,3,96
Rhea Solanki,male,CS,8.41,3,1,3,99
Yash Mahajan,female,AE,6.05,3,1,3,86
Aarohi Pande,male,AE,7.79,3,1,4,96
Mohit Mukherjee,female,CH,8.07,3,1,4,99
Pallavi Sharma,male,AE,7.55,3,1,4,95
Kunal Gogoi,male,CS,8.9,3,1,4,96
Ramesh Bhatia,male,CS,9.11,3,1,4,94
Aarav Bhatt,male,CS,6.55,3,1,4,89
Kritika Mukherjee,male,CS,7.15,3,1,4,85
Kavya Vyas,male,CH,7.88,3,1,5,94
Vivek Bhattacharya,male,CS,8.28,3,1,5,98
Sameer Nair,male,EN,7.46,3,1,5,99
Abhishek Joshi,male,CH,7.21,3,1,5,88
Nidhi Kapoor,male,EN,7.85,3,1,5,92
Rhea Jain,male,EN,8.33,3,1,5,99
Nikhil Sengupta,female,CS,9.31,3,1,5,96
Aarav Saxena,female,CH,7.84,3,2,1,36
Bhavna Tiwari,male,AE,8.02,3,2,1,33
Alka Saxena,male,CS,8.57,3,2,1,40
Divya Sen,male,CS,6.96,3,2,1,36
Rahul Deshmukh,male,CS,7.93,3,2,1,33
Anushka Kapoor,male,CS,7.49,3,2,1,35
Raj Solanki,male,EN,8.62,3,2,2,40
Diya Nikam,male,CS,7.05,3,2,2,35
Akash Kumar,male,AE,7.08,3,2,2,37
Diya Shah,male,AE,6.99,3,2,2,34
Pranav Mishra,female,CS,6.52,3,2,2,33
Vikram Reddy,female,CS,9.04,3,2,2,38
Meera Chatterjee,male,CS,9.04,3,2,3,37
Kunal Pillai,male,EN,8.03,3,2,3,30
Meera Chauhan,male,CH,6.79,3,2,3,37
Rajesh Gupta,male,CS,8.25,3,2,3,38
Shruti Suresh,male,CS,8.81,3,2,3,29
Vivek Nandan,female,CS,9.38,3,2,3,34
Anika Khanna,male,CH,7.66,3,2,4,38
Sachin Mehta,male,AE,7.96,3,2,4,33
Yash Jha,male,AE,7.85,3,2,4,31
Rohit Rana,male,CH,9.31,3,2,4,35
Meera Agarwal,male,CH,6.85,3,2,4,38
Sameer Malhotra,female,EN,8.68,3,2,4,36
Diya Kumar,male,CS,6.14,3,2,5,23
Sonal Chakraborty,male,AE,7.79,3,2,5,38
Ayesha Mukherjee,female,CH,7.85,3,2,5,36
Vikram Roy,male,AE,7.06,3,2,5,31
Aditi Bhardwaj,male,CH,7.83,3,2,5,33
Siddharth Ghosh,male,CH,6.71,3,2,5,27
Arjun Varma,female,EN,7.15,3,3,1,86
Aditi Sethi,male,CS,7.51,3,3,1,81
Rohit Choudhury,male,AE,8.87,3,3,1,94
Ishita Joshi,male,CS,7.42,3,3,1,100
Harsh Saxena,male,CS,8.0,3,3,1,96
Kiran Singh,male,CS,7.12,3,3,1,97
Vishal Bhatt,male,EN,8.68,3,3,2,97
Kiran Kumar,male,CS,8.52,3,3,2,98
Karan Gautam,male,AE,8.82,3,3,2,97
Bhavna Varma,male,CS,9.97,3,3,2,98
Deepak Mahajan,female,CS,8.78,3,3,2,95
Aarav Shah,male,CS,8.46,3,3,2,97
Yash Reddy,male,AE,8.72,3,3,3,89
Amitabh Roy,female,CS,9.98,3,3,3,96
Sanjay Patel,male,EN,9.98,3,3,3,98
Sanjay Gogoi,male,CS,6.94,3,3,3,90
Siddhi Jain,male,CS,8.45,3,3,3,93
Divya Malhotra,male,CS,7.33,3,3,3,99
Tara Raut,male,CS,9.94,3,3,4,98
Aarav Varma,male,CS,8.29,3,3,4,91
Neha Patel,male,EN,7.44,3,3,4,100
Prakash Verma,male,CH,6.85,3,3,4,96
Nidhi Gogoi,male,AE,8.29,3,3,4,90
Tanvi Yadav,female,CS,6.28,3,3,4,98
Deepak Patel,male,CH,8.2,3,3,5,92
Swati Pande,male,CS,6.97,3,3,5,99
Rajat Swamy,female,CS,6.32,3,3,5,92
Priya Shukla,male,CH,8.37,3,3,5,88
Karan Bhatt,male,CH,6.9,3,3,5,99
Riya Nandan,male,CS,7.09,3,3,5,91
Meera Gogoi,female,CS,6.52,3,4,1,1
Rajesh Kapoor,male,CS,8.81,3,4,1,19
Smita Rana,male,AE,9.08,3,4,1,20
Sanya Nikam,male,AE,7.34,3,4,1,13
Rakesh Gupta,male,CS,8.81,3,4,1,13
Shruti Nandan,male,CS,6.21,3,4,1,16
Vikram Mukherjee,male,AE,8.41,3,4,2,20
Karan Sengupta,female,EN,7.84,3,4,2,20
Arjun Reddy,male,CS,8.71,3,4,2,18
Aarohi Tiwari,male,AE,8.73,3,4,2,16
Maya Tiwari,male,CS,8.18,3,4,2,14
Nisha Bhardwaj,male,CS,9.13,3,4,2,17
Kavya Kumar,male,CS,7.88,3,4,3,1
Aarohi Dubey,male,AE,8.37,3,4,3,10
Pranav Reddy,male,CH,7.43,3,4,3,20
Rajat Bhatt,male,CS,7.56,3,4,3,19
Akash Menon,male,CS,8.19,3,4,3,20
Anita Solanki,female,CS,7.85,3,4,3,13
Aditi Iyer,male,CS,8.19,3,4,4,18
Karan Bose,male,EN,7.3,3,4,4,20
Rajesh Roy,male,CS,8.34,3,4,4,17
Arnav Khanna,male,EN,7.97,3,4,4,19
Rajat Joshi,male,CS,6.23,3,4,4,15
Isha Nambiar,female,CH,8.38,3,4,4,20
Tanvi Nandan,male,AE,8.81,3,4,5,18
Ananya Agarwal,male,AE,8.13,3,4,5,2
Sanjay Yadav,female,CH,9.05,3,4,5,19
Aditya Kapoor,male,CS,8.25,3,4,5,18
Meera Sethi,male,CS,7.07,3,4,5,13
Nikhil Ranganathan,male,CS,8.42,3,4,5,20
Ritu Naidu,male,EN,8.29,3,5,1,30
Divya Bhattacharya,male,AE,8.04,3,5,1,35
Kritika Gautam,female,CS,6.45,3,5,1,25
Sneha Suresh,male,CS,6.23,3,5,1,31
Vishal Mishra,male,CS,6.55,3,5,1,29
Sanjay Raman,male,CS,9.05,3,5,1,26
Maya Sharma,female,CS,7.36,3,5,2,35
Naina Dutta,male,EN,7.03,3,5,2,35
Divya Mahajan,male,AE,7.83,3,5,2,30
Amitabh Chatterjee,male,CS,7.22,3,5,2,34
Harsh Nair,male,CS,8.67,3,5,2,31
Neha Rajput,male,CS,9.1,3,5,2,29
Abhishek Gautam,male,CS,7.88,3,5,3,29
Anjali Bhattacharya,male,CH,8.24,3,5,3,24
Divya Thakur,male,EN,8.66,3,5,3,27
Ramesh Bhardwaj,male,CS,8.58,3,5,3,23
Neetu Pandey,female,CS,6.27,3,5,3,25
Neha Menon,male,CS,7.55,3,5,3,33
Manisha Singh,male,CH,8.36,3,5,4,35
Kiran Nair,male,AE,8.23,3,5,4,30
Ritu Singhal,male,AE,7.9,3,5,4,24
Prakash Varma,male,CS,7.76,3,5,4,27
Deepak Rajput,female,CS,6.88,3,5,4,34
Sanjay Malik,male,CH,6.19,3,5,4,24
Vivek Varma,male,CH,9.81,3,5,5,27
Ishita Mathur,male,AE,8.49,3,5,5,19
Anushka Mukherjee,female,CS,9.32,3,5,5,26
Kritika Nambiar,male,CS,8.13,3,5,5,32
Swati Vyas,male,CH,8.21,3,5,5,29
Nisha Desai,male,CS,8.84,3,5,5,30
Akash Chakraborty,male,CS,8.09,3,6,1,82
Abhishek Kapoor,male,EN,7.69,3,6,1,95
Gaurav Rao,male,CS,7.59,3,6,1,92
Kabir Nair,female,EN,8.19,3,6,1,82
Rajat Chauhan,male,AE,7.31,3,6,1,96
Gaurav Chakraborty,male,CS,8.98,3,6,1,97
Kiran Khanna,female,CS,6.82,3,6,2,97
Sanjay Trivedi,male,AE,7.48,3,6,2,94
Anjali Ghosh,male,AE,8.95,3,6,2,95
Ishita Khandelwal,male,AE,7.36,3,6,2,92
Ayesha Jain,male,EN,6.88,3,6,2,100
Nidhi Roy,male,CS,9.86,3,6,2,99
Tanvi Ranganathan,male,CH,7.66,3,6,3,86
Priya Dutta,male,CS,8.4,3,6,3,94
Pooja Bhattacharya,female,CS,8.39,3,6,3,95
Anjali Banerjee,male,EN,8.18,3,6,3,97
Saurabh Agarwal,male,EN,7.41,3,6,3,79
Tanvi Sen,male,EN,7.66,3,6,3,73
Arnav Mehta,female,CH,8.43,3,6,4,93
Rhea Sethi,male,EN,7.31,3,6,4,92
Manav Bhatt,male,CH,8.06,3,6,4,77
Arjun Gautam,male,AE,8.27,3,6,4,99
Harsh Gautam,male,AE,8.71,3,6,4,99
Amitabh Patel,male,CS,8.54,3,6,4,99
Shruti Solanki,male,CH,8.52,3,6,5,90
Rakesh Nandan,male,AE,8.04,3,6,5,94
Simran Iyer,male,CS,8.89,3,6,5,90
Maya Varma,female,CS,9.05,3,6,5,93
Pallavi Banerjee,male,CS,8.61,3,6,5,90
Neetu Vyas,male,CS,6.23,3,6,5,95
Sanjay Das,male,ES,7.52,4,1,1,97
Rohit Mukherjee,male,ES,8.78,4,1,1,91
Rakesh Malhotra,female,EE,7.36,4,1,1,95
Mohit Mathur,male,EE,9.51,4,1,1,91
Nidhi Verma,male,EE,8.43,4,1,1,93
Kiran Sethi,male,EE,7.71,4,1,1,91
Ayesha Khanna,male,EP,7.9,4,1,2,100
Priya Rajput,female,EP,8.38,4,1,2,91
Vivek Roy,male,EE,7.85,4,1,2,100
Manisha Deshmukh,male,EE,8.19,4,1,2,96
Nisha Agarwal,male,EE,8.12,4,1,2,92
Lata Dasgupta,male,EE,7.84,4,1,2,99
Swati Sinha,male,ES,8.8,4,1,3,99
Nisha Dasgupta,male,EE,8.42,4,1,3,100
Divya Choudhury,male,ES,8.53,4,1,3,97
Amitabh Tiwari,male,EE,7.73,4,1,3,98
Ramesh Reddy,female,EE,9.22,4,1,3,92
Naina Sen,male,EE,8.05,4,1,3,94
Pranav Dubey,male,EE,9.42,4,1,4,96
Devansh Das,male,EE,7.77,4,1,4,82
Deepak Sharma,male,EE,7.17,4,1,4,82
Rekha Dixit,male,EE,8.06,4,1,4,94
Alka Dutta,male,ES,7.94,4,1,4,99
Raj Prasad,female,EE,7.97,4,1,4,100
Prakash Das,female,EE,7.27,4,1,5,97
Kartik Bhattacharya,male,EE,7.63,4,1,5,96
Manish Kulkarni,male,EE,8.86,4,1,5,99
Divya Tiwari,male,EP,7.89,4,1,5,97
Anushka Sen,male,EE,7.73,4,1,5,87
Raj Verma,male,EP,7.08,4,1,5,98
Mohit Yadav,male,ES,8.39,4,2,1,30
Sanya Kapadia,female,EE,7.52,4,2,1,40
Ayesha Menon,male,EE,8.67,4,2,1,34
Karan Desai,male,EE,8.4,4,2,1,38
Shreya Mishra,male,EE,7.43,4,2,1,35
Tara Yadav,male,EP,8.17,4,2,1,39
Kabir Verma,male,ES,8.07,4,2,2,28
Saurabh Vyas,male,EC,8.12,4,2,2,40
Tara Dubey,male,EE,9.0,4,2,2,34
Naina Karthik,male,EE,7.33,4,2,2,31
Bhavna Malhotra,female,EE,7.42,4,2,2,34
Devansh Tiwari,male,EE,8.49,4,2,2,38
Bhavna Singhal,male,ES,7.93,4,2,3,39
Rahul Kumar,male,EP,7.06,4,2,3,39
Sneha Bhatt,male,EE,8.81,4,2,3,29
Kabir Reddy,male,EE,8.3,4,2,3,31
Siddharth Bose,male,EE,8.15,4,2,3,37
Mohit Sinha,female,EE,7.9,4,2,3,37
Sanya Thakur,male,ES,8.13,4,2,4,37
Anjali Naidu,male,EE,7.41,4,2,4,38
Sameer Shah,male,EE,7.26,4,2,4,32
Ajay Sen,male,EE,8.51,4,2,4,40
Manish Saxena,male,EE,7.99,4,2,4,30
Kiran Prasad,female,ES,7.86,4,2,4,27
Rajesh Sethi,male,EP,8.12,4,2,5,36
Shreya Dasgupta,male,EP,7.26,4,2,5,37
Pallavi Choudhury,male,EE,8.12,4,2,5,35
Rohit Menon,male,EE,7.35,4,2,5,38
Aditi Dubey,male,EE,8.36,4,2,5,36
Meera Joshi,female,EP,8.44,4,2,5,40
Aarav Bhattacharya,female,EE,8.85,4,3,1,97
Nidhi Suresh,male,EE,8.79,4,3,1,92
Deepak Vyas,male,EE,7.56,4,3,1,94
Divya Sengupta,male,ES,8.92,4,3,1,98
Maya Deshmukh,male,EP,8.35,4,3,1,95
Abhishek Patel,male,EE,8.05,4,3,1,85
Arjun Sethi,female,EC,7.54,4,3,2,90
Saurabh Verma,female,EE,8.77,4,3,2,99
Naina Nair,male,EP,8.13,4,3,2,95
Riya Mukherjee,male,EE,7.98,4,3,2,97
Rajesh Mukherjee,male,EE,7.96,4,3,2,94
Kabir Solanki,female,EE,7.6,4,3,2,82
Nisha Rajput,male,EE,7.73,4,3,3,100
Abhishek Kapadia,female,EE,7.39,4,3,3,98
Rakesh Prasad,male,EP,8.05,4,3,3,88
Amitabh Agarwal,male,EC,7.35,4,3,3,87
Swati Rao,male,EE,7.52,4,3,3,98
Rakesh Mukherjee,female,EE,7.7,4,3,3,92
Alka Banerjee,female,ES,8.46,4,3,4,91
Divya Vyas,male,ES,8.95,4,3,4,85
Pooja Gogoi,male,EE,7.15,4,3,4,92
Shruti Pillai,male,EE,7.27,4,3,4,96
Shreya Banerjee,male,EE,7.49,4,3,4,98
Rahul Agarwal,male,EE,8.13,4,3,4,98
Mohit Nikam,male,EC,8.41,4,3,5,97
Meera Varma,male,EE,7.72,4,3,5,98
Isha Sharma,female,EE,7.95,4,3,5,85
Amitabh Malik,male,EE,7.42,4,3,5,100
Rahul Ranganathan,female,EP,8.88,4,3,5,96
Shruti Singh,male,EE,8.92,4,3,5,91
Manav Sen,male,ES,8.17,4,4,1,15
Kunal Mahajan,male,EP,8.07,4,4,1,20
Kiran Rajput,male,EE,7.39,4,4,1,12
Smita Sengupta,female,EC,8.01,4,4,1,12
Smita Kumar,male,EE,8.07,4,4,1,4
Devansh Sengupta,male,EE,8.31,4,4,1,13
Manisha Kumar,female,EP,7.17,4,4,2,17
Sonal Mathur,male,EP,7.75,4,4,2,9
Sachin Singhal,male,ES,7.6,4,4,2,20
Divya Kapoor,male,EE,8.59,4,4,2,16
Sanya Kumar,male,EP,7.59,4,4,2,19
Anjali Malhotra,male,EC,8.54,4,4,2,16
Siddharth Dutta,male,EE,8.15,4,4,3,11
Saurabh Sen,male,EC,7.42,4,4,3,16
Kabir Sen,male,EP,7.21,4,4,3,20
Deepak Sinha,male,ES,8.51,4,4,3,17
Siddharth Pillai,female,EE,6.37,4,4,3,10
Isha Chatterjee,male,EE,8.58,4,4,3,15
Neelam Jain,male,ES,7.66,4,4,4,12
Smita Nair,male,EE,8.76,4,4,4,19
Vishal Varma,male,EC,7.55,4,4,4,20
Rakesh Shah,male,EE,8.4,4,4,4,16
Arjun Ghosh,female,EP,8.15,4,4,4,16
Aarav Mathur,male,EE,6.01,4,4,4,20
Akash Das,male,EC,8.5,4,5,1,35
Sanjay Pande,male,EE,8.44,4,5,1,26
Aditya Choudhury,male,EE,7.58,4,5,1,29
Aditya Chauhan,male,ES,8.61,4,5,1,29
Ajay Swamy,male,EC,7.76,4,5,1,35
Ramesh Trivedi,male,EE,7.87,4,5,1,33
Kiran Suresh,female,EE,9.09,4,5,1,35
Nikhil Chauhan,male,ES,7.24,4,5,2,34
Shreya Dubey,female,EE,8.92,4,5,2,28
Yash Raman,male,EC,7.8,4,5,2,34
Ramesh Dixit,male,EE,8.71,4,5,2,34
Anjali Chatterjee,male,EE,7.44,4,5,2,35
Ishita Dubey,male,EP,7.71,4,5,2,27
Rakesh Sethi,male,EP,8.8,4,5,2,17
Devansh Karthik,female,EP,8.36,4,5,3,25
Sonal Sharma,male,EP,8.7,4,5,3,30
Meera Das,male,EE,9.79,4,5,3,33
Ayesha Swamy,male,EE,8.48,4,5,3,23
Nisha Bose,female,EE,7.68,4,5,3,26
Manav Nair,male,EE,8.31,4,5,3,25
Pooja Shah,male,EP,8.71,4,5,3,32
Lata Malhotra,male,EP,8.02,4,5,4,35
Sneha Rajput,female,ES,7.53,4,5,4,34
Harsh Sood,male,EE,7.1,4,5,4,30
Ajay Joshi,female,EE,8.36,4,5,4,34
Nisha Kumar,male,EE,7.72,4,5,4,32
Rajesh Shah,male,EE,8.56,4,5,4,27
Anika Pandey,female,EC,8.43,4,6,1,99
Deepak Kapoor,male,EP,7.43,4,6,1,100
Sanjay Ranganathan,male,EE,7.76,4,6,1,90
Devansh Sen,male,EP,7.35,4,6,1,87
Abhishek Pillai,male,EC,8.26,4,6,1,80
Abhishek Thakur,female,EE,8.13,4,6,1,100
Rahul Raman,male,EE,7.73,4,6,2,100
Sonal Mishra,male,EC,8.26,4,6,2,96
Vikram Dixit,male,EE,8.12,4,6,2,87
Deepak Dasgupta,male,EE,8.1,4,6,2,87
Amitabh Mehta,female,EP,8.23,4,6,2,93
Shruti Shukla,male,EE,7.16,4,6,2,87
Tarun Singh,male,EP,8.91,4,6,3,96
Siddhi Nair,male,ES,8.06,4,6,3,82
Yash Dubey,female,EE,7.99,4,6,3,82
Meera Dixit,female,EE,7.58,4,6,3,93
Maya Gupta,female,EE,7.45,4,6,3,97
Vikas Nair,male,EE,9.24,4,6,3,98
Sameer Karthik,male,EP,7.1,4,6,4,96
Deepak Joshi,male,EC,8.87,4,6,4,88
Rohan Swamy,male,EE,7.71,4,6,4,95
Vikram Gautam,male,EE,8.99,4,6,4,95
Anjali Bhardwaj,male,EE,7.71,4,6,4,81
Karan Saxena,female,EE,8.74,4,6,4,87
Karan Vyas,male,EE,6.55,4,6,5,78
Ritu Das,male,ES,8.23,4,6,5,83
Rekha Sood,male,EC,8.56,4,6,5,83
Shruti Dasgupta,male,EE,7.86,4,6,5,82
Rohan Kulkarni,male,EC,8.83,4,6,5,91
Kavya Joshi,female,EE,9.24,4,6,5,88
Gaurav Mukherjee,male,ME,6.37,5,1,1,90
Ajay Gupta,male,CL,8.89,5,1,1,100
Aditi Rana,female,ME,9.5,5,1,1,99
Sonal Solanki,male,ME,9.85,5,1,1,94
Akash Pandey,female,ME,9.6,5,1,1,98
Siddhi Vyas,male,CL,6.44,5,1,1,91
Aditya Malik,male,CL,7.6,5,1,2,98
Raj Ranganathan,male,ME,7.23,5,1,2,94
Kabir Suresh,male,ME,6.97,5,1,2,98
Sanjay Suresh,male,CL,9.05,5,1,2,99
Pallavi Khanna,female,ME,6.33,5,1,2,83
Meera Kulkarni,male,ME,7.33,5,1,2,100
Smita Saxena,male,ME,6.37,5,1,3,98
Diya Mathur,male,CL,9.74,5,1,3,100
Ishita Bhatt,male,CL,6.32,5,1,3,92
Tarun Vyas,male,CL,6.36,5,1,3,94
Abhishek Sethi,male,CL,9.47,5,1,3,91
Nisha Joshi,female,ME,9.66,5,1,3,98
Rajat Gupta,male,CL,9.27,5,1,4,100
Vikas Nikam,male,CL,6.25,5,1,4,96
Ananya Rana,male,CL,6.36,5,1,4,86
Aditi Saxena,male,ME,9.92,5,1,4,99
Lata Karthik,male,ME,8.77,5,1,4,96
Rakesh Ranganathan,female,ME,8.34,5,1,4,98
Anita Mathur,female,CL,6.6,5,1,5,97
Smita Menon,male,ME,8.95,5,1,5,96
Amitabh Nambiar,male,CL,9.21,5,1,5,90
Prakash Joshi,male,ME,9.83,5,1,5,99
Manisha Verma,male,ME,9.93,5,1,5,98
Ritu Verma,male,CL,7.06,5,1,5,98
Siddharth Pande,male,CL,9.75,5,2,1,39
Meera Vyas,male,ME,8.84,5,2,1,28
Lata Chauhan,male,ME,6.33,5,2,1,40
Abhishek Tiwari,male,CL,9.06,5,2,1,37
Aditya Mehta,female,ME,9.55,5,2,1,37
Sneha Dixit,male,CL,6.76,5,2,1,36
Shreya Joshi,male,ME,6.31,5,2,2,38
Kartik Bhatia,female,ME,9.75,5,2,2,27
Nisha Karthik,male,CL,6.84,5,2,2,40
Sanjay Nandan,male,ME,8.53,5,2,2,31
Kritika Sinha,male,CL,6.7,5,2,2,36
Devansh Khanna,male,ME,6.64,5,2,2,38
Aditya Shukla,male,ME,9.6,5,2,3,39
Manish Ghosh,male,CL,9.63,5,2,3,37
Ritu Mathur,male,CL,9.06,5,2,3,37
Neelam Bhatia,female,CL,6.26,5,2,3,21
Pranav Sen,male,ME,9.51,5,2,3,40
Vishal Prasad,male,ME,8.53,5,2,3,38
Arjun Desai,male,ME,6.14,5,2,4,36
Maya Mukherjee,male,ME,7.75,5,2,4,40
Prakash Choudhury,male,CL,7.06,5,2,4,20
Ramesh Malhotra,male,ME,9.69,5,2,4,33
Sanjay Bose,male,ME,9.63,5,2,4,36
Divya Iyer,female,CL,7.15,5,2,4,38
Rohan Dasgupta,male,ME,8.64,5,2,5,34
Bhavna Kapoor,male,CL,9.05,5,2,5,35
Siddhi Singh,male,ME,6.64,5,2,5,34
Ramesh Dutta,male,ME,6.2,5,2,5,39
Vikas Chakraborty,male,ME,6.29,5,2,5,39
Rajiv Khandelwal,female,CL,7.15,5,2,5,32
Rajesh Bhatia,male,CL,9.13,5,3,1,97
Kiran Tiwari,female,ME,9.85,5,3,1,97
Akash Kapoor,male,CL,9.84,5,3,1,98
Shruti Varma,male,ME,9.56,5,3,1,94
Neetu Chatterjee,male,ME,6.86,5,3,1,95
Amitabh Reddy,female,ME,9.7,5,3,1,96
Simran Roy,female,CL,9.96,5,3,2,92
Kritika Naidu,male,CL,6.66,5,3,2,100
Tarun Bhattacharya,male,ME,8.93,5,3,2,86
Saurabh Bhatt,male,ME,6.49,5,3,2,97
Anika Jha,male,ME,8.95,5,3,2,96
Kavya Mahajan,male,ME,6.28,5,3,2,95
Pooja Vyas,male,CL,8.77,5,3,3,91
Naina Tiwari,male,ME,9.25,5,3,3,99
Aarav Das,male,CL,6.81,5,3,3,88
Diya Nair,female,ME,8.36,5,3,3,96
Neha Nambiar,male,ME,9.47,5,3,3,97
Ishita Pande,male,ME,8.82,5,3,3,99
Manish Sethi,male,ME,6.33,5,3,4,99
Maya Reddy,female,CL,7.41,5,3,4,100
Manisha Ranganathan,female,CL,7.21,5,3,4,96
Vivek Nair,male,ME,6.28,5,3,4,96
Rohit Dutta,male,ME,9.77,5,3,4,96
Ananya Mathur,male,CL,6.49,5,3,4,93
Anika Dubey,male,ME,6.86,5,3,5,96
Ramesh Singh,male,CL,9.73,5,3,5,99
Sachin Reddy,female,CL,6.85,5,3,5,84
Kabir Menon,female,ME,8.98,5,3,5,98
Pooja Khandelwal,male,CL,6.21,5,3,5,97
Sachin Khandelwal,male,CL,6.16,5,3,5,96
Sameer Mehta,male,ME,8.84,5,4,1,20
Ramesh Thakur,male,ME,9.57,5,4,1,20
Manav Reddy,male,CL,6.29,5,4,1,3
Manisha Sengupta,female,ME,8.15,5,4,1,7
Neha Bhatt,male,CL,6.66,5,4,1,19
Sanya Pande,male,ME,9.63,5,4,1,12
Akash Mukherjee,male,CL,6.52,5,4,2,10
Harsh Shukla,male,CL,6.77,5,4,2,9
Vikas Saxena,male,ME,6.19,5,4,2,17
Kunal Kumar,male,ME,8.92,5,4,2,3
Neha Verma,male,ME,9.52,5,4,2,14
Isha Shukla,female,ME,9.18,5,4,2,20
Swati Reddy,male,ME,8.4,5,4,3,18
Sachin Desai,male,CL,6.37,5,4,3,16
Aditi Jha,male,ME,6.29,5,4,3,20
Pooja Malik,male,CL,9.99,5,4,3,18
Abhishek Roy,female,ME,9.79,5,4,3,18
Kiran Chawla,male,ME,6.15,5,4,3,14
Maya Nair,male,ME,9.43,5,4,4,12
Kabir Chawla,male,ME,7.29,5,4,4,7
Divya Reddy,male,ME,9.83,5,4,4,14
Neelam Dubey,female,CL,7.47,5,4,4,16
Sanjay Mehta,male,ME,9.72,5,4,4,15
Naina Reddy,male,CL,6.86,5,4,4,20
Rekha Pillai,male,CL,9.49,5,5,1,31
Prakash Mahajan,female,CL,6.69,5,5,1,34
Nikhil Saxena,female,ME,8.98,5,5,1,35
Aditi Sharma,male,ME,6.29,5,5,1,30
Swati Menon,male,ME,9.25,5,5,1,35
Aarohi Chakraborty,male,CL,6.11,5,5,1,27
Manav Vyas,male,CL,6.86,5,5,1,31
Alka Nambiar,male,CL,6.25,5,5,2,31
Anita Bose,male,ME,7.23,5,5,2,35
Amitabh Mishra,female,CL,6.1,5,5,2,32
Naina Rao,male,ME,6.14,5,5,2,34
Rajiv Dasgupta,male,ME,9.47,5,5,2,33
Anushka Reddy,male,CL,9.08,5,5,2,25
Anita Chakraborty,male,ME,7.29,5,5,2,33
Prakash Vyas,male,CL,9.45,5,5,3,30
Nidhi Chawla,male,ME,9.42,5,5,3,30
Kartik Mukherjee,male,CL,6.71,5,5,3,35
Tara Dixit,female,ME,9.44,5,5,3,33
Alka Kumar,male,CL,6.26,5,5,3,31
Shruti Nikam,male,ME,6.36,5,5,3,30
Rhea Bhatt,male,CL,9.26,5,5,3,24
Meera Jha,female,CL,9.93,5,5,4,27
Kabir Mathur,male,CL,9.48,5,5,4,34
Raj Agarwal,male,ME,6.98,5,5,4,21
Anjali Kumar,female,CL,7.56,5,5,4,30
Anita Rana,female,ME,8.29,5,5,4,34
Karan Dixit,male,CL,6.89,5,5,4,28
Neelam Tiwari,male,ME,6.37,5,6,1,92
Kiran Mahajan,male,CL,7.6,5,6,1,78
Aditi Singh,male,CL,8.89,5,6,1,97
Karan Rana,female,ME,7.26,5,6,1,96
Pallavi Verma,male,CL,9.47,5,6,1,94
Siddhi Joshi,male,ME,6.97,5,6,1,98
Simran Dasgupta,female,CL,6.77,5,6,2,100
Ramesh Shah,male,ME,9.99,5,6,2,99
Manav Singhal,male,CL,9.32,5,6,2,91
Karan Sethi,male,ME,6.38,5,6,2,85
Divya Pandey,male,ME,9.85,5,6,2,87
Alka Pillai,male,ME,8.78,5,6,2,99
Sanjay Sen,female,CL,6.05,5,6,3,94
Smita Chauhan,male,ME,9.78,5,6,3,94
Priya Mukherjee,male,ME,9.5,5,6,3,88
Lata Gogoi,male,ME,6.98,5,6,3,89
Rekha Banerjee,male,ME,9.62,5,6,3,91
Siddharth Saxena,male,CL,9.39,5,6,3,92
Shruti Mukherjee,male,ME,8.92,5,6,4,93
Shruti Raman,female,CL,9.76,5,6,4,90
Ramesh Kapadia,male,ME,8.93,5,6,4,92
Vikram Desai,male,CL,6.81,5,6,4,89
Ramesh Jha,male,ME,7.33,5,6,4,95
Rohit Saxena,female,ME,9.15,5,6,4,83
Manish Tiwari,male,CL,6.48,5,6,5,89
Kartik Kumar,male,ME,6.38,5,6,5,94
Kabir Gautam,male,CL,6.18,5,6,5,83
Sneha Mehta,male,ME,8.82,5,6,5,85
Nikhil Verma,male,ME,6.4,5,6,5,97
Amitabh Bhatt,female,ME,9.16,5,6,5,96
Vishal Pande,male,MM,9.35,6,1,1,81
Deepak Solanki,male,CE,9.73,6,1,1,100
Lata Kulkarni,male,MM,6.75,6,1,1,85
Siddharth Chakraborty,female,MM,8.08,6,1,1,100
Siddhi Sengupta,male,CE,8.7,6,1,1,88
Pranav Chawla,male,CE,6.23,6,1,1,99
Akash Gautam,male,CE,9.21,6,1,2,100
Vikas Gupta,male,CE,9.94,6,1,2,91
Sneha Varma,male,MM,8.71,6,1,2,98
Simran Raman,male,MM,6.32,6,1,2,97
Diya Singhal,male,MM,6.28,6,1,2,97
Rakesh Saxena,female,CE,6.6,6,1,2,99
Shruti Swamy,female,MM,9.61,6,1,3,96
Ananya Dutta,male,CE,9.63,6,1,3,98
Swati Nambiar,male,MM,8.7,6,1,3,86
Sneha Iyer,male,CE,6.59,6,1,3,100
Meera Bhatia,male,CE,8.31,6,1,3,99
Divya Swamy,male,CE,9.22,6,1,3,96
Raj Bhardwaj,male,CE,9.69,6,1,4,96
Nisha Pillai,male,CE,7.52,6,1,4,98
Shreya Chakraborty,male,CE,6.31,6,1,4,99
Siddharth Iyer,male,MM,8.43,6,1,4,92
Rajat Bhattacharya,male,MM,9.98,6,1,4,94
Divya Verma,female,CE,6.84,6,1,4,100
Aditi Agarwal,male,CE,8.36,6,1,5,84
Maya Sinha,male,MM,8.78,6,1,5,98
Tanvi Gautam,male,CE,6.55,6,1,5,93
Anjali Deshmukh,male,CE,9.51,6,1,5,77
Siddhi Chakraborty,female,CE,7.01,6,1,5,96
Sneha Mishra,male,MM,6.24,6,1,5,99
Pallavi Varma,male,MM,8.71,6,2,1,34
Tanvi Mukherjee,male,MM,7.3,6,2,1,37
Aditi Khanna,male,CE,9.9,6,2,1,40
Nidhi Deshmukh,male,CE,7.32,6,2,1,32
Shruti Agarwal,female,MM,10.0,6,2,1,40
Amitabh Yadav,male,CE,6.93,6,2,1,38
Rajesh Banerjee,male,MM,9.95,6,2,2,36
Nidhi Patel,male,CE,9.26,6,2,2,39
Pallavi Ghosh,male,CE,6.31,6,2,2,34
Sneha Chatterjee,male,MM,7.29,6,2,2,36
Kabir Sood,male,CE,6.1,6,2,2,40
Abhishek Malik,female,MM,8.08,6,2,2,30
Saurabh Kapadia,male,CE,7.37,6,2,3,30
Ananya Tiwari,male,MM,8.78,6,2,3,30
Vikas Kumar,male,CE,6.62,6,2,3,40
Amitabh Gogoi,male,MM,9.51,6,2,3,38
Nidhi Bhattacharya,male,CE,9.64,6,2,3,34
Vishal Reddy,female,CE,6.23,6,2,3,39
Ajay Trivedi,male,CE,6.39,6,2,4,38
Rajesh Yadav,male,MM,9.59,6,2,4,40
Diya Solanki,male,CE,6.35,6,2,4,40
Manish Kapadia,female,CE,6.28,6,2,4,37
Meera Sen,male,CE,6.2,6,2,4,36
Alka Shukla,male,MM,9.51,6,2,4,36
Tara Chatterjee,male,MM,8.84,6,3,1,99
Nikhil Gogoi,female,CE,7.3,6,3,1,97
Tara Kumar,male,CE,9.43,6,3,1,98
Sonal Dasgupta,male,CE,9.45,6,3,1,93
Raj Nandan,male,CE,9.6,6,3,1,88
Vikas Reddy,male,MM,6.14,6,3,1,92
Siddhi Pandey,male,MM,9.79,6,3,2,100
Naina Mahajan,male,CE,9.11,6,3,2,97
Simran Saxena,male,MM,9.14,6,3,2,94
Swati Solanki,male,CE,6.78,6,3,2,89
Amitabh Swamy,male,CE,8.37,6,3,2,98
Ramesh Menon,female,MM,9.77,6,3,2,98
Anita Nair,male,MM,6.4,6,3,3,90
Rahul Singh,male,MM,7.3,6,3,3,97
Tara Rajput,female,MM,8.29,6,3,3,96
Maya Raut,male,CE,6.65,6,3,3,97
Shreya Chatterjee,male,CE,6.82,6,3,3,89
Anita Raman,male,CE,7.52,6,3,3,99
Akash Bhatt,male,MM,7.02,6,3,4,99
Rajesh Nair,male,MM,8.96,6,3,4,97
Pooja Bose,female,MM,6.87,6,3,4,97
Pranav Dutta,male,MM,9.35,6,3,4,95
Tarun Malik,male,CE,6.62,6,3,4,100
Sameer Dixit,male,CE,8.31,6,3,4,97
Siddharth Varma,male,CE,6.6,6,4,1,15
Amitabh Suresh,male,MM,6.53,6,4,1,19
Manisha Dutta,female,CE,7.33,6,4,1,20
Sanjay Banerjee,male,CE,9.14,6,4,1,6
Vivek Dasgupta,female,MM,6.89,6,4,1,13
Divya Bose,male,CE,9.71,6,4,1,13
Pranav Sinha,female,MM,6.98,6,4,2,17
Abhishek Kumar,female,CE,6.41,6,4,2,15
Karan Trivedi,female,MM,6.22,6,4,2,19
Vivek Jha,male,MM,8.43,6,4,2,12
Sneha Agarwal,female,CE,7.19,6,4,2,19
Kabir Rana,male,MM,7.09,6,4,2,16
Kiran Ranganathan,male,MM,8.69,6,4,3,16
Shreya Raut,female,MM,7.31,6,4,3,8
Aditya Jain,male,CE,6.66,6,4,3,11
Yash Sinha,male,MM,6.75,6,4,3,17
Vikas Das,male,CE,6.93,6,4,3,20
Karan Menon,male,CE,6.53,6,4,3,18
Nidhi Sen,male,CE,9.94,6,4,4,18
Deepak Swamy,female,CE,7.23,6,4,4,19
Riya Khandelwal,female,MM,6.2,6,4,4,20
Arnav Chakraborty,male,MM,8.87,6,4,4,14
Vivek Chakraborty,male,CE,9.91,6,4,4,20
Rohan Rao,male,MM,7.09,6,4,4,20
Sonal Dubey,male,CE,9.37,6,5,1,33
Rajesh Chauhan,male,CE,8.95,6,5,1,28
Rajesh Dubey,male,MM,9.13,6,5,1,30
Saurabh Raut,male,CE,6.26,6,5,1,35
Meera Suresh,male,MM,6.45,6,5,1,30
Kritika Singh,female,CE,6.63,6,5,1,34
Nisha Chakraborty,male,CE,6.14,6,5,2,30
Maya Solanki,male,CE,7.32,6,5,2,29
Shruti Joshi,male,CE,7.37,6,5,2,31
Sonal Pande,male,MM,7.61,6,5,2,19
Pooja Solanki,male,MM,6.44,6,5,2,25
Nidhi Kapadia,female,MM,6.83,6,5,2,33
Meera Rana,male,CE,8.56,6,5,3,34
Neetu Dasgupta,male,MM,8.99,6,5,3,23
Maya Mishra,female,CE,6.95,6,5,3,32
Akash Chauhan,male,MM,9.41,6,5,3,21
Swati Choudhury,male,CE,8.97,6,5,3,35
Priya Sethi,male,CE,9.64,6,5,3,35
Rohit Patel,male,CE,9.74,6,5,4,33
Neetu Bhardwaj,male,CE,6.48,6,5,4,25
Nikhil Gupta,female,MM,8.85,6,5,4,24
Siddhi Solanki,male,CE,6.8,6,5,4,25
Sanjay Gupta,male,MM,9.57,6,5,4,35
Maya Mehta,male,CE,8.79,6,5,4,28
Sanjay Mathur,female,CE,9.94,6,6,1,82
Amitabh Banerjee,male,CE,9.94,6,6,1,98
Anika Banerjee,male,MM,9.46,6,6,1,100
Raj Choudhury,male,CE,9.88,6,6,1,93
Nikhil Prasad,male,CE,9.22,6,6,1,90
Riya Dixit,male,MM,7.61,6,6,1,77
Rekha Mehta,female,MM,6.92,6,6,2,85
Sanjay Nambiar,male,CE,6.74,6,6,2,83
Amitabh Bhardwaj,male,MM,9.81,6,6,2,100
Sanjay Mishra,male,CE,9.22,6,6,2,89
Shreya Khandelwal,male,MM,9.34,6,6,2,96
Nisha Kulkarni,male,CE,9.89,6,6,2,93
Rajesh Sood,female,CE,9.55,6,6,3,92
Divya Nandan,male,MM,9.08,6,6,3,94
Devansh Dutta,female,MM,6.18,6,6,3,87
Kavya Suresh,male,MM,9.26,6,6,3,91
Pallavi Malik,male,MM,7.29,6,6,3,97
Vivek Kumar,male,CE,6.84,6,6,3,94
Ritu Khanna,male,MM,6.25,6,6,4,99
Kiran Sengupta,female,CE,9.43,6,6,4,83
Siddhi Sen,male,MM,9.44,6,6,4,91
Anika Kulkarni,male,CE,8.94,6,6,4,94
Smita Agarwal,male,CE,9.58,6,6,4,95
Nisha Tiwari,male,CE,6.31,6,6,4,98
Deepak Dixit,male,CS,6.91,7,1,1,92
Rohit Joshi,male,AE,6.62,7,1,1,94
Anita Menon,male,CS,9.78,7,1,1,100
Divya Ranganathan,female,EN,8.87,7,1,1,98
Rekha Chatterjee,male,CS,9.69,7,1,1,91
Rakesh Vyas,male,CS,9.39,7,1,1,96
Siddhi Kapoor,male,CS,7.43,7,1,2,98
Tarun Sengupta,male,CS,6.8,7,1,2,86
Nikhil Nambiar,female,AE,9.02,7,1,2,95
Divya Chatterjee,male,CS,8.08,7,1,2,97
Ritu Trivedi,female,AE,8.42,7,1,2,92
Sneha Nikam,male,CS,9.34,7,1,2,98
Alka Naidu,male,CS,7.54,7,1,3,100
Sneha Joshi,male,CS,6.41,7,1,3,98
Mohit Mishra,male,AE,9.52,7,1,3,93
Lata Mishra,female,CS,7.29,7,1,3,100
Rahul Bose,male,EN,8.15,7,1,3,97
Sachin Trivedi,male,CS,6.63,7,1,3,95
Mohit Raman,female,AE,8.69,7,1,4,97
Karan Naidu,male,EN,8.72,7,1,4,90
Priya Varma,male,CS,9.4,7,1,4,94
Sachin Gupta,male,CS,6.25,7,1,4,89
Sanya Dasgupta,male,CS,6.75,7,1,4,92
Kritika Bhardwaj,male,AE,9.27,7,1,4,94
Rhea Nambiar,male,CS,7.17,7,1,5,100
Kabir Rao,female,CS,8.25,7,1,5,92
Sameer Iyer,male,EN,9.68,7,1,5,97
Nisha Bhatia,male,CS,9.68,7,1,5,96
Neha Chatterjee,male,CS,7.44,7,1,5,86
Arnav Mathur,male,EN,9.62,7,1,5,98
Tara Mathur,female,CS,7.24,7,2,1,33
Vivek Mahajan,male,CS,9.32,7,2,1,37
Kavya Rao,male,CS,6.91,7,2,1,36
Tara Gupta,male,AE,9.32,7,2,1,40
Amitabh Das,male,AE,9.7,7,2,1,38
Aarohi Sood,male,CS,6.33,7,2,1,33
Nisha Raut,female,AE,8.38,7,2,2,35
Rekha Shah,female,CS,7.34,7,2,2,26
Manish Sen,male,AE,9.58,7,2,2,38
Ayesha Rana,male,CS,9.67,7,2,2,35
Anushka Pande,male,EN,6.7,7,2,2,38
Shruti Mishra,male,AE,6.91,7,2,2,34
Ishita Kumar,male,AE,7.47,7,2,3,40
Siddharth Choudhury,male,EN,7.94,7,2,3,32
Anushka Bhatt,male,CS,6.41,7,2,3,36
Vivek Pandey,male,CS,9.51,7,2,3,28
Abhishek Bhardwaj,female,CS,7.0,7,2,3,35
Rahul Dutta,male,CS,9.51,7,2,3,38
Sanjay Bhattacharya,male,CS,9.52,7,2,4,33
Shruti Ghosh,male,EN,9.74,7,2,4,39
Kartik Verma,male,CS,9.75,7,2,4,36
Manish Chawla,male,CS,9.82,7,2,4,39
Ritu Gogoi,female,EN,6.58,7,2,4,32
Vikram Bhattacharya,male,CS,9.82,7,2,4,38
Rajesh Jha,male,CS,6.39,7,3,1,89
Karan Kapoor,female,AE,6.85,7,3,1,100
Isha Nair,male,CS,6.76,7,3,1,98
Siddharth Chauhan,male,CS,8.68,7,3,1,99
Divya Dixit,male,CS,8.04,7,3,1,97
Gaurav Mahajan,female,EN,6.21,7,3,1,94
Rajiv Sharma,female,CS,8.68,7,3,2,93
Ishita Rajput,female,CS,8.04,7,3,2,91
Devansh Chakraborty,female,CS,7.51,7,3,2,96
Sanya Gupta,female,AE,7.58,7,3,2,98
Shruti Khanna,male,EN,9.44,7,3,2,98
Akash Sen,male,CS,7.64,7,3,2,93
Neha Mehta,female,CS,9.36,7,3,3,100
Ramesh Mukherjee,male,CS,6.28,7,3,3,98
Manisha Saxena,male,AE,9.34,7,3,3,87
Neetu Pillai,male,AE,9.82,7,3,3,95
Sachin Saxena,male,CS,9.56,7,3,3,93
Aditya Mukherjee,male,CS,7.28,7,3,3,96
Ajay Jha,male,CS,6.56,7,3,4,82
Rohan Solanki,male,CS,8.68,7,3,4,100
Rhea Menon,female,AE,9.77,7,3,4,100
Alka Deshmukh,male,AE,6.14,7,3,4,85
Arjun Chawla,male,AE,9.87,7,3,4,95
Shreya Kulkarni,male,CS,9.42,7,3,4,87
Neelam Sinha,male,CS,6.89,7,3,5,88
Rajesh Pandey,male,CS,7.01,7,3,5,100
Kiran Dubey,female,AE,8.24,7,3,5,100
Ritu Pandey,male,CS,6.75,7,3,5,95
Devansh Menon,female,AE,6.21,7,3,5,100
Pooja Deshmukh,male,AE,6.37,7,3,5,96
Tarun Agarwal,male,CS,7.37,7,4,1,16
Yash Kulkarni,female,AE,7.04,7,4,1,13
Diya Singh,male,CS,7.17,7,4,1,17
Aarav Dubey,male,CS,9.34,7,4,1,20
Simran Khanna,male,CS,7.44,7,4,1,18
Pooja Thakur,male,CS,8.74,7,4,1,18
Rekha Gogoi,female,CS,6.73,7,4,2,12
Abhishek Jain,male,CS,6.76,7,4,2,20
Sanya Chakraborty,male,CS,7.54,7,4,2,13
Ajay Ranganathan,male,EN,6.86,7,4,2,20
Vishal Chatterjee,male,CS,6.74,7,4,2,17
Kritika Ghosh,male,EN,6.49,7,4,2,10
Arjun Mathur,male,CS,6.56,7,4,3,7
Amitabh Saxena,female,CS,7.67,7,4,3,13
Manav Kulkarni,male,CS,7.27,7,4,3,8
Pranav Menon,male,AE,9.49,7,4,3,16
Manav Gupta,male,CS,9.23,7,4,3,12
Kunal Bhatt,male,AE,9.77,7,4,3,9
Tara Patel,female,CS,7.48,7,4,4,6
Shruti Chatterjee,male,EN,9.94,7,4,4,8
Nidhi Mishra,male,AE,9.75,7,4,4,19
Ajay Nair,male,CS,9.79,7,4,4,20
Sachin Singh,male,CS,9.63,7,4,4,14
Karan Nandan,male,CS,9.48,7,4,4,19
Sanya Desai,female,AE,8.07,7,5,1,33
Ayesha Verma,male,CS,6.68,7,5,1,28
Kabir Kapadia,male,AE,9.73,7,5,1,28
Kritika Mehta,female,CS,7.92,7,5,1,34
Tarun Reddy,female,AE,6.17,7,5,1,33
Karan Shukla,male,CS,9.24,7,5,1,35
Sanjay Desai,male,CS,8.74,7,5,2,32
Divya Patel,male,EN,6.81,7,5,2,34
Siddharth Verma,female,AE,9.27,7,5,2,33
Bhavna Dasgupta,male,AE,6.91,7,5,2,33
Karan Pande,female,AE,8.24,7,5,2,29
Anushka Sharma,male,EN,9.23,7,5,2,28
Gaurav Patel,male,CS,8.81,7,5,3,31
Swati Nair,female,AE,7.28,7,5,3,25
Rajesh Solanki,female,CS,7.03,7,5,3,30
Rajesh Naidu,male,CS,6.3,7,5,3,26
Naina Sethi,female,CS,8.25,7,5,3,34
Meera Sood,male,AE,9.63,7,5,3,35
Isha Chawla,male,EN,6.08,7,5,4,27
Rajesh Menon,female,CS,6.07,7,5,4,35
Sanya Sood,male,AE,6.54,7,5,4,35
Vikram Patel,male,EN,9.91,7,5,4,32
Sanjay Naidu,male,EN,6.85,7,5,4,33
Sachin Pande,male,CS,7.71,7,5,4,33
Ramesh Saxena,female,EN,6.24,7,6,1,85
Anika Chawla,male,CS,9.26,7,6,1,95
Shruti Rajput,male,AE,6.23,7,6,1,84
Rohan Raman,male,AE,9.31,7,6,1,88
Amitabh Kulkarni,male,CS,7.28,7,6,1,78
Nikhil Reddy,male,CS,6.28,7,6,1,96
Priya Raut,male,EN,8.81,7,6,2,78
Nisha Menon,male,CS,9.39,7,6,2,74
Manish Reddy,female,CS,7.75,7,6,2,91
Deepak Varma,male,CS,9.15,7,6,2,96
Amitabh Joshi,male,AE,6.44,7,6,2,96
Vikram Thakur,male,AE,6.57,7,6,2,83
Rajat Malik,male,CS,7.7,7,6,3,97
Anushka Chatterjee,male,CS,7.47,7,6,3,97
Nikhil Agarwal,male,CS,6.89,7,6,3,79
Anushka Naidu,male,AE,9.21,7,6,3,100
Amitabh Desai,female,CS,7.02,7,6,3,81
Tara Iyer,male,EN,6.72,7,6,3,81
Harsh Jha,male,CS,9.79,7,6,4,72
Rohan Shah,male,EN,9.14,7,6,4,69
Raj Swamy,male,CS,6.33,7,6,4,99
Smita Tiwari,male,CS,9.55,7,6,4,93
Ramesh Singhal,female,AE,8.24,7,6,4,78
Saurabh Patel,male,CS,7.37,7,6,4,92
Rhea Shah,male,EE,9.05,8,1,1,98
Shruti Sengupta,male,EP,7.62,8,1,1,85
Sameer Kapoor,male,EE,6.32,8,1,1,91
Gaurav Verma,female,EE,6.74,8,1,1,90
Siddhi Sinha,male,EE,6.68,8,1,1,97
Pallavi Roy,male,EP,8.44,8,1,1,99
Kabir Malhotra,male,EC,9.07,8,1,2,100
Kabir Pillai,male,EE,6.43,8,1,2,94
Anushka Kapadia,male,EE,6.54,8,1,2,87
Kabir Ranganathan,male,EE,6.83,8,1,2,96
Siddharth Sen,female,EE,6.28,8,1,2,94
Neetu Chakraborty,male,ES,6.72,8,1,2,100
Nisha Dutta,male,EE,8.8,8,1,3,90
Priya Singhal,male,EE,7.25,8,1,3,93
Vishal Sood,male,EE,8.97,8,1,3,92
Ananya Raut,male,EE,6.27,8,1,3,96
Amitabh Pandey,male,EP,9.69,8,1,3,98
Kritika Pandey,female,ES,9.7,8,1,3,98
Kartik Joshi,male,EE,7.55,8,1,4,94
Riya Malhotra,male,EE,6.86,8,1,4,100
Divya Mathur,male,EE,6.88,8,1,4,100
Neetu Kumar,female,EE,9.98,8,1,4,100
Nikhil Dixit,male,ES,6.21,8,1,4,98
Mohit Joshi,male,EC,9.2,8,1,4,97
Alka Singhal,male,EE,8.23,8,1,5,85
Rahul Nikam,male,EE,6.49,8,1,5,98
Prakash Bhatia,male,EE,9.82,8,1,5,84
Riya Sethi,female,EE,9.51,8,1,5,100
Smita Singh,male,EP,9.97,8,1,5,91
Priya Mahajan,male,ES,6.03,8,1,5,92
Rajesh Reddy,female,EP,6.93,8,2,1,38
Rohan Bhattacharya,male,EP,9.56,8,2,1,40
Vishal Kumar,male,EP,9.57,8,2,1,40
Sonal Trivedi,male,EE,9.17,8,2,1,26
Devansh Singhal,male,EP,9.36,8,2,1,23
Shruti Bose,male,EC,9.45,8,2,1,34
Ayesha Yadav,female,ES,6.74,8,2,2,31
Tarun Ranganathan,male,EE,7.65,8,2,2,37
Devansh Rana,male,EC,9.15,8,2,2,39
Amitabh Dasgupta,male,EP,6.61,8,2,2,26
Mohit Malik,male,EE,6.92,8,2,2,40
Pooja Mukherjee,male,EE,6.18,8,2,2,32
Manish Shukla,male,EP,6.59,8,2,3,37
Kavya Bhardwaj,male,EE,9.53,8,2,3,38
Rajiv Deshmukh,male,EE,8.93,8,2,3,34
Sanya Joshi,female,EE,9.45,8,2,3,24
Kabir Mishra,male,EE,9.87,8,2,3,39
Vikram Pandey,male,EP,9.72,8,2,3,35
Smita Iyer,male,EP,8.92,8,2,4,27
Harsh Thakur,male,EE,9.17,8,2,4,36
Nidhi Reddy,male,EE,9.66,8,2,4,40
Arjun Pillai,male,EE,9.7,8,2,4,34
Divya Prasad,male,EE,6.45,8,2,4,38
Rajat Pillai,female,EC,9.49,8,2,4,32
Kartik Dubey,male,ES,6.87,8,2,5,31
Nisha Trivedi,female,EE,9.34,8,2,5,35
Harsh Kumar,male,EP,6.69,8,2,5,38
Ayesha Ghosh,male,EE,6.48,8,2,5,37
Neha Kulkarni,male,EE,7.19,8,2,5,36
Bhavna Kumar,male,EE,8.97,8,2,5,38
Akash Banerjee,male,EE,6.61,8,3,1,89
Nidhi Chatterjee,male,ES,9.77,8,3,1,99
Manisha Nair,female,EE,9.61,8,3,1,92
Rahul Roy,male,ES,9.86,8,3,1,97
Aditi Khandelwal,male,EE,6.44,8,3,1,90
Ayesha Kapoor,male,EP,6.74,8,3,1,93
Alka Nikam,female,EP,6.69,8,3,2,98
Rhea Mehta,male,ES,6.03,8,3,2,97
Kunal Verma,male,EP,6.99,8,3,2,92
Manisha Malik,male,ES,9.24,8,3,2,97
Siddhi Shah,male,EE,9.7,8,3,2,96
Yash Bhardwaj,male,EE,9.04,8,3,2,97
Amitabh Thakur,male,EE,9.47,8,3,3,96
Raj Patel,male,EE,7.06,8,3,3,99
Ritu Khandelwal,male,EE,9.04,8,3,3,98
Prakash Ranganathan,male,EP,9.82,8,3,3,98
Kavya Rajput,male,EE,9.81,8,3,3,98
Deepak Reddy,female,EC,6.98,8,3,3,97
Rakesh Thakur,female,EE,6.3,8,3,4,96
Prakash Sood,male,EE,9.81,8,3,4,95
Siddharth Khandelwal,male,EE,7.37,8,3,4,94
Prakash Sen,male,EP,6.07,8,3,4,96
Ananya Deshmukh,female,EE,6.15,8,3,4,100
Naina Pande,male,ES,7.08,8,3,4,88
Maya Pandey,female,EC,8.48,8,3,5,100
Rekha Yadav,male,EE,9.94,8,3,5,98
Simran Prasad,male,EC,9.16,8,3,5,94
Pallavi Gogoi,female,EE,6.38,8,3,5,95
Karan Nambiar,male,ES,6.1,8,3,5,99
Kiran Rana,male,EE,9.74,8,3,5,100
Ritu Rana,male,EE,8.09,8,4,1,14
Bhavna Nandan,male,EC,9.24,8,4,1,18
Vishal Nikam,female,ES,6.55,8,4,1,16
Pallavi Pillai,male,ES,9.23,8,4,1,12
Meera Yadav,male,EE,6.4,8,4,1,18
Vikas Shukla,male,EE,6.52,8,4,1,17
Karan Sinha,male,EC,7.18,8,4,2,12
Anika Bhardwaj,male,EE,9.9,8,4,2,20
Amitabh Sood,male,EE,6.53,8,4,2,15
Deepak Deshmukh,male,EP,9.22,8,4,2,13
Vikram Singh,male,EP,9.58,8,4,2,11
Shruti Bhardwaj,female,EE,9.84,8,4,2,14
Kartik Jha,male,EE,6.58,8,4,3,8
Tarun Swamy,male,EP,9.34,8,4,3,18
Anushka Patel,male,EC,7.17,8,4,3,13
Rekha Chakraborty,male,EE,6.35,8,4,3,17
Gaurav Sharma,male,EP,6.97,8,4,3,17
Rohan Sinha,female,ES,6.37,8,4,3,7
Karan Reddy,male,EE,9.32,8,4,4,11
Gaurav Raman,male,EC,6.17,8,4,4,14
Neha Chakraborty,male,EP,7.62,8,4,4,19
Manisha Nandan,male,EE,6.96,8,4,4,18
Isha Singhal,male,EE,9.92,8,4,4,17
Isha Desai,female,ES,8.53,8,4,4,18
Arnav Joshi,male,EE,9.7,8,5,1,31
Gaurav Thakur,male,EC,7.04,8,5,1,33
Tarun Dixit,male,ES,6.38,8,5,1,27
Prakash Jain,male,ES,9.1,8,5,1,33
Arjun Sen,male,EE,7.07,8,5,1,33
Shreya Mehta,male,EE,9.2,8,5,1,25
Pooja Nair,male,EE,6.87,8,5,1,25
Nisha Verma,male,EE,9.36,8,5,1,27
Rohan Kapoor,female,ES,8.53,8,5,1,35
Kartik Shah,female,EC,7.2,8,5,2,33
Nidhi Das,male,EE,7.25,8,5,2,35
Gaurav Nandan,male,EE,7.06,8,5,2,33
Anjali Tiwari,male,EP,6.74,8,5,2,32
Nikhil Chawla,male,EE,6.38,8,5,2,30
Aarav Vyas,male,EE,7.55,8,5,2,25
Sameer Yadav,male,EE,7.07,8,5,3,34
Yash Vyas,male,ES,7.15,8,5,3,29
Saurabh Raman,male,EE,7.65,8,5,3,26
Anjali Sengupta,female,EP,6.79,8,5,3,28
Deepak Nair,male,EE,9.05,8,5,3,33
Deepak Rana,male,EC,9.89,8,5,3,27
Aditi Kulkarni,male,EE,9.34,8,5,3,23
Sneha Vyas,male,ES,6.29,8,5,3,28
Manisha Rana,male,EE,6.8,8,5,4,28
Rajesh Ghosh,male,EP,8.44,8,5,4,31
Rajesh Joshi,male,EC,9.19,8,5,4,29
Isha Mukherjee,male,EE,6.89,8,5,4,32
Aditya Trivedi,female,EE,9.89,8,5,4,33
Kunal Joshi,female,EE,6.08,8,5,4,31
Anita Sen,male,EE,6.16,8,6,1,93
Anjali Dasgupta,male,EE,8.8,8,6,1,98
Pooja Rana,male,EE,9.63,8,6,1,93
Kabir Kumar,male,EE,8.61,8,6,1,91
Shreya Khanna,female,EE,8.66,8,6,1,75
Maya Sood,male,EE,7.37,8,6,1,87
Neelam Swamy,male,EE,7.32,8,6,2,81
Swati Kapadia,male,EE,7.19,8,6,2,88
Tara Saxena,female,EE,6.44,8,6,2,85
Simran Pandey,male,EC,9.17,8,6,2,94
Rajesh Rana,male,EC,8.01,8,6,2,100
Shruti Patel,male,EE,6.68,8,6,2,92
Riya Saxena,male,ES,9.29,8,6,3,98
Shruti Singhal,female,EE,8.66,8,6,3,100
Lata Malik,male,EE,9.2,8,6,3,87
Kritika Kumar,male,EE,8.93,8,6,3,85
Rakesh Jha,male,EP,6.54,8,6,3,74
Kritika Sengupta,male,EE,8.61,8,6,3,86
Aarav Malik,male,EE,6.14,8,6,4,82
Karan Dubey,male,EP,6.88,8,6,4,91
Kartik Gupta,male,EP,9.35,8,6,4,77
Rohan Agarwal,male,EE,9.91,8,6,4,85
Diya Rao,male,EE,6.78,8,6,4,94
Rohit Sood,female,EE,9.3,8,6,4,95
Pooja Yadav,male,EE,6.65,8,6,5,85
Kartik Mishra,female,EE,9.85,8,6,5,85
Shruti Thakur,male,ES,9.63,8,6,5,76
Siddhi Bose,male,EE,8.9,8,6,5,80
Amitabh Bose,male,EP,9.45,8,6,5,91
Meera Nair,male,EE,9.81,8,6,5,89
