name,gender,rollNumber,cpi,department,preferences
Rekha Sengupta,female,23B3909,7.73,CL,"[81, 13, 60, 8, 12, 73]"
Ramesh Sinha,male,23B0976,6.29,CL,"[84, 25, 51, 13, 8, 83]"
Manish Tiwari,male,23B0629,7.8,CL,"[87, 8, 62, 16, 3, 60]"
Maya Nair,male,23B3915,7.22,ME,"[91, 18, 64, 20, 6, 36]"
Abhishek Bhatia,male,23B2118,7.61,ME,"[77, 12, 42, 23, 8, 76]"
Rohan Dasgupta,male,23B0687,7.56,ME,"[80, 26, 75, 14, 10, 68]"
Maya Bhatt,female,23B0641,8.42,CL,"[98, 13, 79, 16, 8, 88]"
Akash Mukherjee,male,23B0387,9.54,CL,"[73, 22, 91, 22, 3, 11]"
Vishal Mathur,male,23B3919,7.75,CL,"[86, 12, 84, 6, 18, 26]"
Siddharth Joshi,male,23B2452,6.91,ME,"[98, 14, 81, 12, 13, 46]"
Manish Khandelwal,male,23B4201,6.96,ME,"[81, 28, 95, 22, 12, 49]"
Anika Dubey,male,23B4221,6.47,ME,"[67, 14, 62, 25, 19, 94]"
Simran Dasgupta,female,23B2481,7.49,CL,"[72, 4, 88, 26, 15, 34]"
Alka Nambiar,male,23B0444,8.4,CL,"[81, 20, 76, 18, 11, 87]"
Simran Pillai,male,23B2157,9.42,CL,"[77, 36, 96, 14, 11, 44]"
Swati Reddy,male,23B1065,9.88,ME,"[75, 28, 62, 13, 14, 26]"
Rahul Yadav,male,23B2187,8.06,ME,"[73, 30, 60, 11, 3, 13]"
Bhavna Kapoor,male,23B1054,9.18,CL,"[63, 21, 51, 16, 10, 38]"
Rekha Pillai,male,23B3957,7.21,CL,"[94, 21, 65, 18, 10, 44]"
Aditi Kumar,male,23B1825,6.2,CL,"[76, 15, 84, 16, 14, 36]"
Kunal Karthik,female,23B0303,9.03,CL,"[91, 19, 77, 21, 19, 67]"
Kartik Kumar,male,23B3901,9.48,ME,"[86, 27, 65, 14, 6, 54]"
Kabir Chawla,male,23B2276,7.8,ME,"[89, 21, 72, 18, 19, 7]"
Manish Sinha,male,23B2474,8.25,ME,"[81, 14, 71, 8, 18, 20]"
Ramesh Singh,male,23B2174,7.45,CL,"[84, 19, 47, 19, 6, 3]"
Sachin Desai,male,23B1812,7.67,CL,"[83, 12, 70, 17, 16, 68]"
Mohit Suresh,female,23B1078,7.65,CL,"[93, 18, 85, 22, 10, 61]"
Siddhi Singh,male,23B1842,6.38,ME,"[66, 26, 64, 11, 4, 86]"
Manish Sethi,male,23B2505,8.48,ME,"[91, 32, 56, 16, 14, 62]"
Ramesh Dutta,male,23B1544,8.4,ME,"[91, 1, 68, 10, 15, 44]"
Kabir Gautam,male,23B2197,7.75,CL,"[90, 27, 57, 16, 7, 72]"
Rahul Mahajan,male,23B0003,7.37,CL,"[74, 3, 83, 17, 8, 96]"
Shreya Choudhury,female,23B0952,9.19,CL,"[67, 18, 49, 9, 6, 87]"
Vikas Chakraborty,male,23B2139,7.17,ME,"[83, 7, 64, 15, 7, 28]"
Sneha Mehta,male,23B2253,8.74,ME,"[67, 18, 88, 19, 2, 23]"
Kunal Sood,male,23B2719,8.11,ME,"[75, 20, 48, 20, 4, 19]"
Tarun Raman,male,23B0699,6.11,CL,"[75, 26, 73, 13, 15, 26]"
Ishita Bhattacharya,male,23B2416,8.62,CL,"[67, 24, 68, 20, 16, 88]"
Sachin Reddy,female,23B2124,8.06,CL,"[63, 10, 50, 17, 18, 40]"
Arjun Desai,male,23B1308,7.88,ME,"[77, 39, 42, 17, 10, 27]"
Manish Das,male,23B4209,9.74,ME,"[82, 21, 85, 13, 5, 85]"
Kabir Menon,female,23B1019,9.01,ME,"[79, 27, 80, 20, 7, 15]"
Harsh Shukla,male,23B1073,8.11,CL,"[79, 12, 55, 23, 6, 52]"
Isha Pandey,male,23B1008,7.18,CL,"[90, 23, 51, 10, 16, 86]"
Anita Mathur,female,23B1035,6.88,CL,"[82, 23, 77, 7, 15, 41]"
Neelam Bhardwaj,male,23B1826,6.56,ME,"[89, 24, 81, 12, 11, 56]"
Maya Mukherjee,male,23B2162,8.75,ME,"[70, 25, 41, 10, 14, 35]"
Smita Menon,male,23B0698,9.49,ME,"[65, 19, 50, 15, 15, 26]"
Prakash Choudhury,male,23B2123,8.99,CL,"[88, 21, 81, 8, 16, 15]"
Pooja Khandelwal,male,23B1507,9.36,CL,"[77, 18, 81, 7, 6, 19]"
Meera Jha,female,23B2261,8.7,CL,"[85, 15, 81, 17, 5, 34]"
Ramesh Karthik,male,23B0076,9.78,ME,"[84, 27, 68, 5, 7, 12]"
Ramesh Malhotra,male,23B1242,6.59,ME,"[93, 32, 64, 9, 10, 95]"
Divya Reddy,male,23B1069,7.76,ME,"[89, 12, 76, 16, 17, 65]"
Prakash Vyas,male,23B3019,7.77,CL,"[76, 23, 76, 16, 11, 65]"
Amitabh Nambiar,male,23B0928,9.02,CL,"[65, 17, 73, 19, 12, 70]"
Neelam Dubey,female,23B3010,7.75,CL,"[96, 33, 76, 18, 14, 54]"
Sameer Mehta,male,23B0414,8.87,ME,"[89, 20, 51, 12, 7, 52]"
Rhea Kumar,male,23B3953,7.86,ME,"[70, 15, 57, 11, 11, 68]"
Siddharth Sood,male,23B0305,10.0,ME,"[72, 32, 91, 1, 3, 6]"
Tarun Mishra,male,23B2720,8.18,CL,"[84, 3, 69, 12, 15, 39]"
Arjun Suresh,male,23B0909,9.58,CL,"[65, 28, 96, 16, 2, 66]"
Sanjay Sen,female,23B1057,6.13,CL,"[92, 25, 65, 14, 2, 74]"
Sanjay Bose,male,23B1075,7.86,ME,"[73, 18, 75, 17, 13, 85]"
Sneha Menon,male,23B1022,6.86,ME,"[63, 23, 92, 8, 4, 94]"
Aditya Shukla,male,23B2510,6.64,ME,"[76, 17, 86, 19, 10, 67]"
Rhea Verma,male,23B0339,7.3,CL,"[86, 4, 64, 18, 8, 77]"
Siddhi Trivedi,male,23B1290,9.18,CL,"[93, 26, 85, 25, 9, 67]"
Maya Reddy,female,23B2405,6.68,CL,"[100, 15, 52, 6, 7, 49]"
Nisha Iyer,male,23B0043,6.53,ME,"[79, 15, 59, 20, 20, 41]"
Nikhil Verma,male,23B2285,6.33,ME,"[97, 15, 57, 9, 17, 12]"
Prakash Joshi,male,23B2457,7.69,ME,"[61, 7, 51, 14, 10, 31]"
Manish Ghosh,male,23B2219,9.02,CL,"[90, 13, 40, 14, 11, 74]"
Rakesh Gautam,male,23B4227,7.33,CL,"[84, 15, 63, 24, 9, 66]"
Prakash Mahajan,female,23B2435,7.65,CL,"[86, 5, 97, 23, 11, 34]"
Anita Agarwal,male,23B2267,9.53,ME,"[66, 18, 80, 21, 7, 54]"
Kabir Chakraborty,male,23B2493,7.09,ME,"[67, 27, 73, 11, 12, 27]"
Shruti Mukherjee,male,23B1288,7.71,ME,"[94, 20, 99, 16, 7, 60]"
Abhishek Raut,male,23B1012,9.39,CL,"[92, 24, 72, 11, 16, 53]"
Siddharth Nair,male,23B0662,8.91,CL,"[80, 2, 70, 21, 12, 39]"
Manisha Ranganathan,female,23B1243,9.71,CL,"[70, 35, 60, 19, 14, 11]"
Kartik Banerjee,male,23B3938,7.14,ME,"[73, 16, 93, 19, 9, 34]"
Manish Bose,male,23B0722,7.52,ME,"[86, 30, 72, 12, 7, 7]"
Nikhil Saxena,female,23B1261,6.03,ME,"[76, 16, 74, 12, 6, 38]"
Rajat Gupta,male,23B0984,9.29,CL,"[91, 9, 86, 25, 9, 23]"
Vikas Nikam,male,23B1505,9.65,CL,"[72, 27, 78, 2, 15, 76]"
Shruti Raman,female,23B0751,6.5,CL,"[91, 17, 91, 14, 4, 37]"
Anita Sinha,male,23B1542,7.27,ME,"[96, 6, 63, 15, 9, 26]"
Vivek Nair,male,23B1210,6.09,ME,"[65, 25, 55, 16, 9, 30]"
Yash Rana,male,23B2196,8.52,ME,"[77, 35, 72, 15, 9, 50]"
Nisha Deshmukh,male,23B2714,7.89,CL,"[69, 33, 69, 2, 7, 57]"
Ananya Rana,male,23B0062,8.77,CL,"[80, 32, 66, 10, 13, 68]"
Kunal Chatterjee,female,23B0642,8.35,CL,"[81, 22, 46, 25, 11, 91]"
Rohit Dutta,male,23B2401,8.56,ME,"[85, 9, 84, 16, 6, 4]"
Harsh Malhotra,male,23B2710,8.23,ME,"[90, 22, 56, 19, 1, 55]"
Aditi Saxena,male,23B0392,7.65,ME,"[66, 30, 65, 13, 10, 90]"
Ritu Mathur,male,23B1525,7.62,CL,"[84, 21, 63, 17, 7, 46]"
Aditya Reddy,male,23B0618,7.09,CL,"[99, 11, 45, 6, 14, 2]"
Rajiv Khandelwal,female,23B2477,6.42,CL,"[94, 35, 58, 15, 13, 47]"
Aditi Pande,male,23B0017,8.72,ME,"[70, 16, 62, 14, 16, 96]"
Anita Bose,male,23B0406,6.8,ME,"[81, 20, 60, 20, 18, 87]"
Riya Sen,male,23B0041,8.08,ME,"[77, 27, 74, 20, 14, 56]"
Tara Vyas,male,23B2106,7.71,CL,"[86, 28, 76, 20, 9, 53]"
Simran Swamy,male,23B2287,6.64,CL,"[85, 5, 77, 21, 17, 6]"
Vikas Dixit,female,23B0749,7.97,CL,"[82, 15, 68, 11, 14, 63]"
Ramesh Kapadia,male,23B0026,7.69,ME,"[80, 27, 92, 16, 9, 30]"
Maya Mahajan,male,23B0371,7.57,ME,"[71, 25, 51, 18, 13, 45]"
Aditi Jha,male,23B4205,9.24,ME,"[73, 1, 54, 19, 13, 27]"
Vishal Joshi,male,23B2711,8.12,CL,"[68, 30, 83, 10, 8, 44]"
Sanya Ghosh,male,23B1249,8.98,CL,"[69, 31, 76, 13, 7, 27]"
Divya Iyer,female,23B1270,9.94,CL,"[94, 4, 66, 14, 9, 74]"
Manisha Verma,male,23B1060,8.53,ME,"[91, 4, 58, 22, 11, 72]"
Aditi Joshi,male,23B0443,7.88,ME,"[64, 2, 87, 23, 12, 52]"
Vikram Trivedi,male,23B1233,6.43,ME,"[100, 31, 63, 11, 8, 53]"
Nisha Jha,male,23B0001,8.3,CL,"[79, 30, 53, 23, 12, 43]"
Rajat Kulkarni,male,23B0967,8.94,CL,"[100, 16, 89, 21, 5, 11]"
Neelam Bhatia,female,23B1046,7.58,CL,"[84, 20, 68, 25, 12, 22]"
Sanjay Bhatia,male,23B2409,6.26,ME,"[85, 33, 79, 5, 13, 85]"
Pooja Agarwal,male,23B2217,9.17,ME,"[63, 29, 80, 10, 13, 68]"
Simran Kulkarni,male,23B1219,6.72,ME,"[61, 18, 62, 28, 5, 52]"
Bhavna Pande,male,23B0678,7.49,CL,"[93, 17, 80, 16, 10, 89]"
Vikram Desai,male,23B0958,6.29,CL,"[86, 12, 54, 10, 7, 34]"
Amitabh Sethi,female,23B2497,7.21,CL,"[69, 37, 89, 16, 11, 53]"
Lata Deshmukh,male,23B0410,6.9,ME,"[89, 31, 63, 16, 14, 88]"
Ramesh Jha,male,23B1817,6.05,ME,"[63, 22, 74, 10, 8, 82]"
Rohit Saxena,female,23B4218,7.87,ME,"[97, 5, 78, 12, 4, 80]"
Riya Reddy,male,23B2468,6.46,CL,"[96, 26, 56, 17, 14, 4]"
Pooja Malik,male,23B3026,9.72,CL,"[66, 12, 56, 14, 9, 26]"
Amitabh Mishra,female,23B2150,7.55,CL,"[82, 19, 86, 17, 6, 30]"
Lata Karthik,male,23B0309,8.69,ME,"[78, 26, 82, 17, 7, 80]"
Saurabh Saxena,male,23B1848,8.92,ME,"[92, 33, 63, 23, 8, 48]"
Tanvi Menon,male,23B1277,8.28,ME,"[82, 32, 73, 10, 5, 72]"
Ananya Mathur,male,23B0364,8.01,CL,"[70, 5, 92, 5, 7, 47]"
Kabir Mathur,male,23B0358,7.31,CL,"[96, 40, 65, 10, 11, 79]"
Aditi Nair,female,23B2147,8.22,CL,"[65, 7, 100, 13, 6, 76]"
Smita Saxena,male,23B0340,8.52,ME,"[91, 12, 52, 13, 5, 76]"
Siddhi Chauhan,male,23B2213,8.74,ME,"[71, 26, 47, 17, 8, 59]"
Smita Chauhan,male,23B1031,9.85,ME,"[99, 11, 74, 19, 13, 79]"
Pooja Vyas,male,23B3908,9.24,CL,"[84, 15, 60, 14, 9, 61]"
Ayesha Pandey,male,23B0910,6.42,CL,"[82, 14, 63, 9, 16, 33]"
Sameer Tiwari,female,23B1260,9.36,CL,"[95, 15, 62, 14, 8, 73]"
Sanjay Mehta,male,23B0624,7.94,ME,"[68, 17, 63, 16, 9, 32]"
Priya Mukherjee,male,23B0344,6.77,ME,"[67, 33, 40, 14, 5, 35]"
Arnav Vyas,male,23B0422,6.85,ME,"[98, 9, 45, 19, 5, 35]"
Diya Mathur,male,23B0430,8.99,CL,"[63, 7, 50, 13, 18, 80]"
Sanya Khanna,male,23B0707,6.02,CL,"[86, 27, 83, 15, 11, 13]"
Akash Kapadia,female,23B1045,7.53,CL,"[84, 25, 74, 11, 14, 27]"
Nisha Mathur,male,23B2137,7.44,ME,"[72, 24, 90, 13, 13, 85]"
Pranav Sen,male,23B0359,8.62,ME,"[82, 25, 68, 23, 3, 56]"
Vishal Prasad,male,23B3003,8.2,ME,"[82, 38, 76, 20, 4, 74]"
Tanvi Chakraborty,male,23B3025,9.8,CL,"[88, 0, 46, 15, 12, 79]"
Ishita Bhatt,male,23B0904,7.41,CL,"[64, 27, 52, 12, 15, 87]"
Simran Roy,female,23B1202,8.02,CL,"[67, 29, 78, 15, 2, 69]"
Lata Gogoi,male,23B2460,9.83,ME,"[65, 13, 77, 20, 17, 49]"
Raj Agarwal,male,23B0657,6.63,ME,"[81, 20, 70, 16, 14, 38]"
Divya Bhatia,male,23B2459,8.0,ME,"[76, 26, 71, 9, 13, 5]"
Vikas Naidu,male,23B0614,8.27,CL,"[66, 29, 49, 6, 14, 36]"
Naina Reddy,male,23B3032,7.76,CL,"[78, 27, 84, 18, 10, 76]"
Rakesh Sengupta,female,23B1540,9.99,CL,"[94, 8, 75, 18, 10, 40]"
Kartik Reddy,male,23B2200,7.07,ME,"[66, 29, 53, 21, 1, 63]"
Rekha Banerjee,male,23B1018,9.48,ME,"[93, 17, 67, 12, 13, 31]"
Manish Yadav,male,23B2469,6.74,ME,"[73, 20, 48, 11, 13, 75]"
Siddharth Saxena,male,23B2266,6.18,CL,"[87, 7, 89, 11, 6, 72]"
Maya Dasgupta,male,23B2453,8.66,CL,"[67, 18, 81, 18, 15, 9]"
Anjali Kumar,female,23B0314,8.29,CL,"[77, 25, 98, 15, 12, 67]"
Naina Tiwari,male,23B0348,7.31,ME,"[83, 12, 79, 16, 8, 35]"
Shreya Joshi,male,23B3004,9.73,ME,"[76, 27, 66, 15, 8, 93]"
Anita Rana,female,23B1048,9.91,ME,"[90, 10, 71, 15, 11, 43]"
Rekha Mehta,female,23B1280,7.64,MM,"[73, 29, 83, 11, 10, 12]"
Ajay Trivedi,male,23B2490,7.53,CE,"[60, 30, 66, 14, 15, 6]"
Karan Sharma,male,23B0307,9.46,MM,"[74, 37, 98, 10, 18, 22]"
Anika Raut,male,23B1312,7.57,CE,"[76, 23, 86, 14, 16, 57]"
Vikas Jha,male,23B0379,9.02,CE,"[80, 35, 64, 13, 10, 17]"
Akash Bhatt,male,23B2721,7.38,MM,"[66, 21, 59, 12, 14, 61]"
Shruti Swamy,female,23B0686,9.66,MM,"[63, 19, 53, 11, 15, 64]"
Saurabh Kapadia,male,23B1815,7.53,CE,"[67, 34, 79, 7, 8, 22]"
Nisha Gautam,male,23B0326,6.88,MM,"[93, 8, 67, 15, 6, 25]"
Aditi Agarwal,male,23B0714,6.59,CE,"[83, 27, 69, 17, 1, 47]"
Raj Bhardwaj,male,23B0403,7.94,CE,"[97, 1, 96, 14, 9, 49]"
Nidhi Sen,male,23B0064,9.37,CE,"[76, 31, 57, 19, 19, 34]"
Isha Vyas,female,23B1803,8.23,CE,"[75, 13, 80, 15, 9, 55]"
Rajesh Yadav,male,23B2509,9.3,MM,"[81, 17, 64, 22, 12, 58]"
Ananya Tiwari,male,23B1513,6.6,MM,"[74, 21, 57, 20, 16, 46]"
Vikas Kumar,male,23B3990,9.88,CE,"[89, 24, 98, 23, 17, 44]"
Rohit Patel,male,23B1283,7.62,CE,"[69, 29, 64, 18, 13, 33]"
Rajesh Nair,male,23B2264,7.17,MM,"[99, 17, 56, 10, 18, 7]"
Diya Raman,female,23B2402,8.08,MM,"[72, 19, 56, 12, 5, 53]"
Sonal Dubey,male,23B2167,7.11,CE,"[77, 14, 85, 18, 7, 22]"
Anita Nair,male,23B1001,7.27,MM,"[83, 30, 64, 17, 19, 60]"
Neha Jha,male,23B1034,8.99,CE,"[82, 23, 60, 14, 8, 89]"
Gaurav Joshi,male,23B3916,7.82,CE,"[96, 28, 68, 15, 17, 51]"
Saurabh Joshi,male,23B3016,9.25,CE,"[83, 38, 88, 20, 8, 57]"
Ishita Roy,female,23B2241,8.59,MM,"[83, 17, 73, 16, 8, 41]"
Aarav Deshmukh,male,23B2228,9.77,CE,"[78, 32, 79, 12, 8, 44]"
Ritu Khanna,male,23B1061,7.1,MM,"[61, 14, 41, 17, 7, 16]"
Nisha Chakraborty,male,23B2269,7.75,CE,"[73, 22, 87, 10, 8, 55]"
Gaurav Pandey,male,23B0302,8.44,CE,"[72, 16, 63, 9, 12, 76]"
Karan Nair,male,23B0040,6.58,MM,"[82, 22, 48, 9, 11, 44]"
Deepak Swamy,female,23B1247,6.52,CE,"[88, 3, 51, 15, 12, 41]"
Kiran Sengupta,female,23B4233,7.06,CE,"[67, 31, 75, 16, 7, 21]"
Amitabh Gogoi,male,23B1015,7.66,MM,"[100, 15, 93, 6, 6, 62]"
Maya Sinha,male,23B0674,9.44,MM,"[69, 33, 57, 11, 8, 64]"
Nisha Pillai,male,23B1058,6.36,CE,"[79, 19, 40, 22, 1, 69]"
Sanjay Sengupta,male,23B1829,8.48,CE,"[87, 26, 53, 10, 12, 17]"
Sanjay Mathur,female,23B0951,6.54,CE,"[82, 25, 70, 18, 13, 42]"
Rahul Singh,male,23B0338,7.56,MM,"[62, 27, 45, 10, 11, 90]"
Sneha Banerjee,male,23B0607,7.28,MM,"[68, 14, 77, 24, 7, 17]"
Rajesh Chauhan,male,23B0671,6.94,CE,"[87, 27, 90, 13, 15, 91]"
Pallavi Rana,male,23B2504,6.58,CE,"[80, 10, 48, 8, 9, 15]"
Raj Shukla,male,23B2247,6.02,MM,"[72, 16, 58, 26, 12, 22]"
Riya Khandelwal,female,23B2256,8.59,MM,"[84, 18, 71, 12, 7, 62]"
Maya Solanki,male,23B0053,8.25,CE,"[78, 22, 57, 22, 13, 58]"
Arnav Chakraborty,male,23B1205,6.03,MM,"[80, 28, 57, 18, 10, 22]"
Ananya Dutta,male,23B1536,8.29,CE,"[86, 31, 69, 23, 10, 89]"
Diya Solanki,male,23B1820,8.53,CE,"[95, 34, 94, 15, 13, 66]"
Aditi Nikam,male,23B2733,8.5,MM,"[67, 21, 53, 24, 12, 57]"
Ritu Patel,female,23B0042,7.78,MM,"[100, 19, 66, 15, 7, 57]"
Ramesh Solanki,male,23B0617,8.33,CE,"[93, 33, 82, 18, 14, 65]"
Vishal Sengupta,male,23B2116,6.26,MM,"[68, 11, 40, 22, 15, 12]"
Shreya Chakraborty,male,23B1077,8.66,CE,"[64, 22, 71, 15, 11, 52]"
Bhavna Menon,male,23B1300,9.79,CE,"[93, 29, 64, 14, 10, 37]"
Pallavi Malhotra,male,23B0031,9.59,MM,"[87, 39, 64, 10, 9, 98]"
Pooja Bose,female,23B1043,8.12,MM,"[82, 32, 64, 23, 5, 54]"
Aditya Yadav,male,23B0770,8.82,CE,"[62, 26, 74, 16, 11, 66]"
Manisha Yadav,male,23B0960,8.42,CE,"[86, 16, 72, 8, 8, 43]"
Siddhi Sen,male,23B0377,9.18,MM,"[88, 25, 54, 15, 7, 65]"
Vivek Chakraborty,male,23B2511,7.97,CE,"[83, 22, 92, 15, 12, 15]"
Neetu Bhardwaj,male,23B3008,8.07,CE,"[85, 32, 74, 17, 10, 90]"
Nikhil Gupta,female,23B1802,6.71,MM,"[69, 18, 66, 14, 13, 44]"
Smita Mathur,male,23B0426,9.51,CE,"[64, 29, 52, 20, 13, 52]"
Siddharth Dixit,male,23B0673,7.71,CE,"[78, 8, 49, 9, 6, 10]"
Rohan Rao,male,23B2183,9.91,MM,"[66, 26, 81, 24, 14, 68]"
Naina Bose,male,23B2713,8.34,CE,"[95, 19, 64, 9, 17, 5]"
Sachin Kapadia,male,23B0646,7.0,MM,"[97, 33, 77, 16, 8, 64]"
Sanya Naidu,female,23B1232,7.64,CE,"[70, 14, 63, 12, 5, 57]"
Meera Swamy,female,23B1818,8.02,CE,"[89, 22, 58, 17, 5, 34]"
Yash Joshi,male,23B1206,7.97,MM,"[80, 21, 68, 19, 17, 86]"
Siddhi Solanki,male,23B1849,6.76,CE,"[75, 16, 77, 11, 13, 23]"
Maya Dubey,male,23B1524,8.06,MM,"[66, 32, 86, 11, 8, 17]"
Tanvi Gautam,male,23B2442,9.12,CE,"[90, 14, 66, 11, 11, 97]"
Prakash Rajput,female,23B2426,9.74,CE,"[83, 10, 96, 12, 5, 39]"
Manish Nair,male,23B0769,7.78,MM,"[84, 9, 58, 9, 12, 37]"
Shruti Joshi,male,23B0603,7.28,CE,"[91, 16, 91, 13, 13, 81]"
Siddharth Iyer,male,23B2423,8.98,MM,"[65, 15, 69, 8, 9, 45]"
Abhishek Yadav,male,23B4212,8.37,CE,"[100, 11, 51, 10, 7, 56]"
Anika Gautam,male,23B2404,6.67,MM,"[81, 21, 54, 13, 17, 18]"
Tara Rajput,female,23B0434,7.78,MM,"[98, 13, 63, 22, 2, 22]"
Kabir Gupta,male,23B0965,8.47,CE,"[94, 23, 63, 17, 7, 76]"
Nidhi Bhattacharya,male,23B2532,6.48,CE,"[79, 11, 50, 9, 18, 84]"
Nisha Ranganathan,male,23B0724,8.06,MM,"[66, 30, 43, 14, 7, 86]"
Rohan Thakur,male,23B0991,8.49,CE,"[94, 18, 61, 10, 5, 78]"
Pranav Dutta,male,23B0018,7.86,MM,"[65, 26, 82, 20, 3, 70]"
Manish Kapadia,female,23B0343,6.69,CE,"[85, 22, 60, 24, 1, 79]"
Rajesh Dubey,male,23B0927,7.8,MM,"[75, 21, 66, 23, 17, 2]"
Neelam Solanki,male,23B0351,9.0,CE,"[94, 31, 71, 26, 10, 30]"
Anushka Banerjee,male,23B0996,7.13,MM,"[93, 18, 62, 20, 13, 20]"
Meera Sen,male,23B0405,7.02,CE,"[75, 7, 86, 22, 12, 57]"
Neetu Mukherjee,male,23B4241,8.07,MM,"[79, 4, 67, 13, 19, 90]"
Rajesh Sood,female,23B0717,7.26,CE,"[83, 20, 75, 17, 16, 94]"
Rajesh Banerjee,male,23B0427,8.83,MM,"[84, 17, 66, 15, 10, 31]"
Meera Khanna,male,23B1285,7.53,CE,"[83, 19, 93, 15, 9, 63]"
Rohan Nandan,male,23B1538,6.49,MM,"[67, 19, 68, 16, 10, 54]"
Nidhi Patel,male,23B3974,8.75,CE,"[74, 1, 67, 13, 7, 77]"
Yash Nandan,male,23B2475,9.69,MM,"[74, 29, 48, 12, 10, 55]"
Karan Kapadia,female,23B2480,7.22,CE,"[95, 13, 96, 18, 18, 37]"
Rohan Ranganathan,male,23B2437,9.13,MM,"[71, 26, 95, 14, 6, 17]"
Saurabh Raut,male,23B1084,6.52,CE,"[68, 31, 54, 20, 0, 59]"
Kiran Ranganathan,male,23B0072,8.72,MM,"[88, 9, 59, 10, 10, 21]"
Nikhil Nandan,male,23B3936,6.05,CE,"[84, 0, 79, 17, 13, 36]"
Rajat Bhattacharya,male,23B0993,7.02,MM,"[94, 13, 67, 11, 12, 27]"
Abhishek Nair,female,23B1855,9.52,CE,"[85, 24, 50, 14, 7, 96]"
Sanjay Reddy,female,23B2499,6.96,CE,"[83, 37, 74, 15, 7, 51]"
Vishal Pande,male,23B0023,6.71,MM,"[79, 1, 50, 13, 1, 82]"
Pallavi Ghosh,male,23B2236,7.76,CE,"[75, 16, 54, 10, 3, 36]"
Rhea Chakraborty,male,23B1071,7.93,MM,"[97, 12, 67, 18, 14, 29]"
Tarun Malik,male,23B2439,8.65,CE,"[95, 22, 63, 9, 16, 66]"
Nikhil Chakraborty,female,23B1291,9.85,MM,"[82, 25, 49, 8, 13, 24]"
Sameer Dixit,male,23B0380,7.23,CE,"[89, 12, 58, 16, 10, 20]"
Anjali Deshmukh,male,23B2718,9.27,CE,"[72, 15, 100, 16, 19, 94]"
Swati Nambiar,male,23B2130,9.01,MM,"[88, 34, 63, 15, 11, 31]"
Ajay Malhotra,male,23B2440,6.75,CE,"[91, 15, 93, 13, 5, 55]"
Tara Banerjee,male,23B0432,7.78,MM,"[66, 32, 81, 23, 6, 35]"
Alka Reddy,female,23B0753,9.47,CE,"[87, 11, 61, 5, 13, 43]"
Manav Kumar,male,23B1070,8.22,MM,"[68, 16, 79, 21, 6, 57]"
Deepak Solanki,male,23B0332,7.29,CE,"[85, 30, 70, 22, 16, 19]"
Ananya Sharma,male,23B0318,9.69,MM,"[77, 22, 77, 15, 17, 8]"
Sanjay Kapoor,male,23B0416,7.13,CE,"[94, 3, 91, 26, 12, 64]"
Nikhil Mahajan,male,23B1208,6.64,CE,"[90, 19, 80, 14, 17, 0]"
Shreya Raut,female,23B0081,8.59,MM,"[75, 24, 67, 14, 7, 75]"
Maya Raut,male,23B2522,9.05,CE,"[92, 17, 81, 13, 16, 60]"
Anita Chauhan,male,23B1861,9.51,CE,"[78, 22, 47, 14, 15, 30]"
Divya Nandan,male,23B0650,9.59,MM,"[91, 29, 62, 23, 14, 53]"
Manav Chakraborty,male,23B1838,8.08,CE,"[65, 13, 80, 16, 9, 80]"
Rakesh Rana,male,23B2259,7.15,MM,"[92, 33, 67, 13, 13, 56]"
Ananya Nandan,male,23B1823,6.6,CE,"[96, 7, 93, 15, 6, 53]"
Rohan Sen,female,23B2286,8.36,CE,"[92, 12, 74, 12, 5, 45]"
Sneha Chatterjee,male,23B0037,9.97,MM,"[75, 21, 99, 25, 8, 28]"
Rahul Thakur,male,23B1535,7.77,CE,"[68, 15, 60, 11, 3, 77]"
Devansh Banerjee,male,23B1229,6.37,MM,"[86, 32, 54, 17, 14, 65]"
Aditya Jain,male,23B0750,9.68,CE,"[71, 16, 84, 14, 10, 89]"
Shreya Trivedi,female,23B4220,6.02,MM,"[87, 22, 57, 18, 17, 69]"
Meera Rana,male,23B3002,8.23,CE,"[70, 22, 66, 10, 19, 89]"
Kabir Sood,male,23B2272,9.09,CE,"[88, 29, 68, 21, 14, 17]"
Yash Sinha,male,23B0685,9.04,MM,"[68, 19, 97, 25, 9, 1]"
Ananya Dixit,male,23B2706,6.5,CE,"[84, 26, 88, 10, 3, 26]"
Siddharth Shukla,male,23B0971,8.4,MM,"[92, 15, 61, 21, 14, 30]"
Meera Gautam,female,23B2528,8.1,CE,"[85, 12, 56, 21, 7, 48]"
Devansh Dutta,female,23B0956,6.59,MM,"[91, 35, 70, 14, 10, 43]"
Kiran Pande,male,23B0057,7.8,CE,"[81, 25, 43, 20, 7, 55]"
Vikas Das,male,23B3017,7.56,CE,"[85, 9, 50, 16, 16, 7]"
Sanjay Gupta,male,23B0316,6.43,MM,"[81, 32, 72, 14, 12, 67]"
Anika Kulkarni,male,23B0050,6.39,CE,"[84, 28, 79, 9, 12, 38]"
Divya Verma,female,23B0979,7.89,CE,"[60, 9, 76, 18, 5, 63]"
Kavya Suresh,male,23B1521,6.62,MM,"[71, 21, 98, 19, 16, 37]"
Sachin Joshi,male,23B2527,8.16,CE,"[77, 27, 95, 14, 4, 63]"
Nisha Dixit,male,23B0663,7.94,MM,"[70, 28, 71, 15, 11, 47]"
Karan Menon,male,23B0413,7.42,CE,"[86, 27, 95, 15, 20, 29]"
Amitabh Gautam,male,23B2524,6.58,MM,"[71, 22, 71, 25, 3, 59]"
Tara Patel,female,23B1274,8.8,CS,"[86, 29, 74, 16, 7, 65]"
Ishita Kumar,male,23B3981,8.86,AE,"[63, 24, 72, 13, 12, 59]"
Sanjay Bhattacharya,male,23B0728,8.49,CS,"[76, 0, 63, 22, 7, 69]"
Harsh Jha,male,23B2503,7.39,CS,"[86, 18, 49, 13, 6, 32]"
Rhea Nambiar,male,23B1835,9.41,CS,"[73, 29, 71, 16, 15, 47]"
Deepak Patel,male,23B1508,9.5,CH,"[80, 35, 72, 16, 9, 26]"
Vivek Varma,male,23B3959,7.54,CH,"[95, 31, 49, 7, 20, 66]"
Maya Sharma,female,23B0612,7.85,CS,"[61, 18, 98, 13, 16, 96]"
Ramesh Das,male,23B0919,8.72,AE,"[91, 24, 78, 17, 5, 67]"
Ishita Mathur,male,23B2205,9.39,AE,"[70, 16, 53, 21, 5, 47]"
Siddharth Choudhury,male,23B0968,9.24,EN,"[80, 16, 80, 21, 5, 35]"
Neelam Sinha,male,23B3955,6.52,CS,"[88, 18, 85, 16, 13, 80]"
Anushka Mukherjee,female,23B0921,6.1,CS,"[85, 26, 81, 20, 11, 60]"
Tanvi Nandan,male,23B0917,6.3,AE,"[71, 18, 72, 9, 9, 73]"
Isha Chawla,male,23B2512,8.69,EN,"[73, 27, 95, 6, 13, 41]"
Rajesh Pandey,male,23B2237,8.9,CS,"[95, 30, 79, 18, 5, 70]"
Swati Pande,male,23B2232,6.42,CS,"[82, 10, 75, 18, 6, 71]"
Shruti Solanki,male,23B1226,7.68,CH,"[65, 36, 51, 12, 9, 79]"
Kavya Vyas,male,23B1306,7.35,CH,"[79, 28, 89, 16, 7, 33]"
Rajesh Menon,female,23B1503,8.84,CS,"[67, 25, 74, 20, 7, 44]"
Ananya Agarwal,male,23B2418,8.48,AE,"[79, 6, 56, 15, 15, 60]"
Mohit Gogoi,male,23B1258,7.32,AE,"[86, 18, 80, 20, 15, 54]"
Shruti Chatterjee,male,23B2703,7.65,EN,"[77, 13, 52, 16, 12, 70]"
Tara Raut,male,23B0955,8.5,CS,"[79, 3, 45, 15, 19, 80]"
Rajat Swamy,female,23B3943,6.96,CS,"[73, 23, 78, 8, 14, 3]"
Sanya Sood,male,23B0080,9.09,AE,"[91, 30, 73, 16, 8, 69]"
Diya Kumar,male,23B0727,7.52,CS,"[94, 10, 79, 5, 12, 72]"
Kritika Nambiar,male,23B0915,7.92,CS,"[75, 22, 72, 18, 4, 40]"
Ajay Jha,male,23B1543,7.48,CS,"[81, 15, 40, 6, 15, 61]"
Swati Vyas,male,23B2185,8.52,CH,"[77, 34, 69, 21, 7, 71]"
Priya Shukla,male,23B3023,9.01,CH,"[80, 19, 79, 16, 7, 20]"
Kiran Khanna,female,23B1305,9.26,CS,"[67, 14, 76, 20, 12, 4]"
Sonal Chakraborty,male,23B2103,8.1,AE,"[90, 17, 50, 9, 8, 49]"
Nidhi Mishra,male,23B0723,7.22,AE,"[88, 27, 99, 17, 9, 99]"
Shruti Ghosh,male,23B0627,8.14,EN,"[95, 13, 74, 12, 13, 86]"
Aarav Varma,male,23B0066,9.57,CS,"[65, 2, 73, 13, 7, 90]"
Harsh Karthik,male,23B1284,6.44,AE,"[71, 18, 71, 15, 12, 44]"
Vikram Patel,male,23B2723,6.74,EN,"[79, 31, 71, 16, 16, 24]"
Kartik Verma,male,23B0654,9.2,CS,"[84, 33, 64, 1, 5, 79]"
Aditi Iyer,male,23B4202,6.75,CS,"[72, 35, 45, 7, 7, 45]"
Siddhi Kapoor,male,23B2211,6.37,CS,"[95, 11, 82, 16, 15, 4]"
Arnav Mehta,female,23B2221,6.55,CH,"[86, 33, 82, 17, 4, 29]"
Ayesha Mukherjee,female,23B4247,9.15,CH,"[90, 29, 75, 24, 15, 41]"
Kiran Dubey,female,23B2707,6.08,AE,"[88, 19, 45, 17, 10, 72]"
Vikram Roy,male,23B1287,7.96,AE,"[94, 14, 68, 23, 4, 61]"
Rohan Shah,male,23B0361,8.85,EN,"[78, 29, 94, 14, 10, 62]"
Ajay Nair,male,23B1257,8.77,CS,"[80, 34, 82, 12, 9, 54]"
Vivek Bhattacharya,male,23B1021,8.36,CS,"[69, 31, 59, 15, 13, 36]"
Kabir Rao,female,23B0994,7.88,CS,"[83, 17, 54, 24, 18, 86]"
Sanjay Naidu,male,23B2152,7.76,EN,"[85, 2, 75, 16, 11, 37]"
Rajat Malik,male,23B3963,9.86,CS,"[86, 25, 72, 16, 12, 64]"
Ritu Pandey,male,23B1518,7.72,CS,"[75, 4, 69, 12, 19, 21]"
Deepak Dixit,male,23B0746,6.02,CS,"[82, 0, 60, 17, 19, 74]"
Aditi Bhardwaj,male,23B2489,8.72,CH,"[65, 14, 90, 18, 6, 11]"
Devansh Menon,female,23B3965,9.24,AE,"[90, 11, 54, 17, 14, 29]"
Anika Khanna,male,23B2508,8.41,CH,"[99, 15, 41, 16, 19, 14]"
Rakesh Nandan,male,23B2488,7.63,AE,"[79, 34, 46, 5, 10, 60]"
Karan Bose,male,23B2284,9.81,EN,"[79, 21, 63, 16, 11, 80]"
Alka Naidu,male,23B3905,9.16,CS,"[71, 31, 80, 12, 0, 34]"
Simran Iyer,male,23B1074,8.3,CS,"[80, 30, 99, 12, 10, 61]"
Maya Varma,female,23B2141,6.59,CS,"[85, 9, 66, 11, 14, 84]"
Aarohi Pande,male,23B2529,8.43,AE,"[83, 22, 85, 17, 8, 79]"
Sachin Pande,male,23B2479,6.83,CS,"[87, 29, 74, 12, 17, 14]"
Rajesh Roy,male,23B0028,6.73,CS,"[86, 21, 51, 8, 13, 99]"
Pallavi Banerjee,male,23B1259,7.24,CS,"[66, 13, 61, 15, 14, 67]"
Siddharth Ghosh,male,23B3929,7.68,CH,"[78, 15, 53, 22, 4, 31]"
Arjun Mathur,male,23B0615,6.83,CS,"[90, 27, 68, 20, 12, 10]"
Manisha Singh,male,23B1515,8.83,CH,"[75, 14, 53, 7, 6, 70]"
Kiran Nair,male,23B0683,9.16,AE,"[73, 15, 68, 13, 7, 31]"
Sachin Mehta,male,23B0731,7.24,AE,"[80, 29, 91, 6, 10, 64]"
Amitabh Saxena,female,23B1241,6.84,CS,"[77, 25, 74, 20, 16, 99]"
Rhea Sethi,male,23B0362,7.73,EN,"[88, 23, 78, 2, 13, 18]"
Sameer Iyer,male,23B1528,6.38,EN,"[72, 0, 78, 10, 4, 25]"
Anushka Bhatt,male,23B0051,6.54,CS,"[90, 9, 93, 15, 9, 38]"
Rohan Solanki,male,23B1040,8.21,CS,"[90, 21, 71, 19, 17, 36]"
Vivek Pandey,male,23B0980,8.56,CS,"[90, 3, 88, 11, 10, 23]"
Gaurav Patel,male,23B3964,8.65,CS,"[72, 30, 80, 14, 9, 91]"
Mohit Mukherjee,female,23B2158,6.94,CH,"[96, 30, 75, 8, 18, 32]"
Raj Varma,female,23B0647,8.68,CH,"[79, 12, 63, 16, 6, 74]"
Swati Nair,female,23B2525,6.96,AE,"[82, 18, 59, 11, 7, 48]"
Yash Jha,male,23B0390,9.58,AE,"[69, 18, 58, 10, 9, 41]"
Sameer Nair,male,23B2238,9.3,EN,"[69, 26, 71, 19, 16, 39]"
Anushka Chatterjee,male,23B4213,6.44,CS,"[74, 14, 84, 15, 11, 89]"
Raj Swamy,male,23B0396,7.09,CS,"[86, 27, 87, 15, 4, 64]"
Tara Mathur,female,23B1044,7.06,CS,"[86, 31, 79, 15, 6, 28]"
Ritu Singhal,male,23B0690,7.32,AE,"[68, 8, 88, 6, 11, 43]"
Nikhil Agarwal,male,23B0995,8.77,CS,"[78, 13, 83, 17, 13, 23]"
Sneha Joshi,male,23B3930,7.32,CS,"[99, 34, 86, 16, 1, 27]"
Smita Tiwari,male,23B1266,9.22,CS,"[72, 16, 52, 13, 5, 73]"
Karan Bhatt,male,23B3926,6.18,CH,"[63, 19, 89, 19, 14, 91]"
Rajesh Solanki,female,23B2128,7.11,CS,"[70, 33, 73, 18, 11, 80]"
Rohit Rana,male,23B2513,8.33,CH,"[97, 14, 49, 11, 17, 28]"
Rohit Joshi,male,23B4228,9.21,AE,"[76, 26, 61, 22, 9, 77]"
Pallavi Sharma,male,23B0021,6.18,AE,"[79, 16, 55, 9, 0, 65]"
Arnav Khanna,male,23B0918,6.08,EN,"[98, 23, 93, 16, 16, 34]"
Rajesh Naidu,male,23B1295,6.69,CS,"[77, 7, 98, 13, 7, 79]"
Naina Sethi,female,23B2121,8.71,CS,"[62, 10, 44, 11, 6, 99]"
Raj Pillai,male,23B4219,7.98,AE,"[94, 15, 79, 17, 12, 83]"
Prakash Varma,male,23B3942,8.26,CS,"[90, 32, 78, 15, 10, 92]"
Nisha Bhatia,male,23B2410,7.05,CS,"[65, 36, 43, 22, 12, 79]"
Neha Chatterjee,male,23B0941,9.14,CS,"[82, 24, 70, 10, 8, 40]"
Meera Agarwal,male,23B1837,6.54,CH,"[97, 21, 88, 19, 9, 65]"
Rhea Menon,female,23B1526,7.4,AE,"[66, 29, 43, 7, 15, 86]"
Manav Bhatt,male,23B1026,7.07,CH,"[69, 31, 66, 9, 9, 67]"
Anushka Naidu,male,23B2275,8.67,AE,"[94, 26, 77, 7, 7, 33]"
Deepak Rajput,female,23B1253,7.86,CS,"[88, 14, 99, 9, 3, 22]"
Neha Patel,male,23B3015,9.6,EN,"[95, 29, 75, 12, 16, 19]"
Vikas Khandelwal,male,23B1516,9.66,CS,"[68, 29, 80, 12, 19, 22]"
Mohit Raman,female,23B2470,7.1,AE,"[85, 34, 68, 13, 13, 74]"
Karan Naidu,male,23B0602,8.59,EN,"[74, 25, 56, 3, 12, 4]"
Meera Chatterjee,male,23B0631,8.89,CS,"[76, 33, 52, 14, 14, 77]"
Manish Chawla,male,23B2203,8.23,CS,"[70, 34, 78, 14, 20, 66]"
Abhishek Sen,male,23B2136,9.69,CS,"[74, 11, 77, 15, 7, 88]"
Abhishek Joshi,male,23B2131,9.01,CH,"[71, 28, 56, 11, 5, 95]"
Amitabh Desai,female,23B3987,6.69,CS,"[95, 27, 71, 9, 17, 81]"
Meera Sood,male,23B2271,6.46,AE,"[75, 6, 100, 16, 12, 13]"
Sanjay Malik,male,23B0325,7.87,CH,"[69, 23, 60, 7, 2, 72]"
Arjun Gautam,male,23B0323,7.93,AE,"[80, 7, 47, 14, 6, 57]"
Tara Iyer,male,23B1804,6.22,EN,"[85, 16, 75, 22, 15, 56]"
Rajat Joshi,male,23B1269,9.64,CS,"[82, 23, 49, 12, 5, 27]"
Alka Deshmukh,male,23B2260,6.7,AE,"[87, 23, 65, 9, 11, 40]"
Tarun Agarwal,male,23B2142,9.64,CS,"[93, 20, 41, 19, 12, 57]"
Vikas Sengupta,male,23B2235,8.69,CS,"[60, 18, 71, 9, 12, 33]"
Manav Kulkarni,male,23B0712,6.82,CS,"[97, 12, 57, 21, 9, 52]"
Kavya Kumar,male,23B3982,8.2,CS,"[94, 5, 92, 18, 1, 31]"
Isha Nambiar,female,23B2251,7.83,CH,"[66, 28, 66, 11, 9, 72]"
Sanjay Yadav,female,23B0078,6.11,CH,"[89, 30, 68, 23, 5, 0]"
Abhishek Bhardwaj,female,23B0368,9.64,CS,"[61, 35, 79, 16, 8, 59]"
Aarav Khanna,male,23B0733,7.02,AE,"[98, 6, 99, 22, 16, 21]"
Harsh Gautam,male,23B0764,6.98,AE,"[92, 6, 62, 13, 11, 24]"
Priya Raut,male,23B0408,7.54,EN,"[66, 13, 71, 22, 8, 28]"
Rahul Dutta,male,23B4229,9.3,CS,"[76, 25, 63, 16, 8, 64]"
Rekha Gogoi,female,23B0311,7.86,CS,"[83, 18, 78, 12, 12, 44]"
Arjun Chawla,male,23B2146,8.52,AE,"[84, 14, 65, 18, 6, 96]"
Lata Gupta,male,23B0903,9.49,CS,"[83, 25, 66, 21, 14, 36]"
Priya Varma,male,23B0016,8.14,CS,"[92, 32, 97, 20, 3, 63]"
Amitabh Patel,male,23B1002,8.34,CS,"[77, 31, 75, 17, 7, 67]"
Prakash Verma,male,23B1010,7.14,CH,"[81, 15, 47, 16, 13, 71]"
Yash Kulkarni,female,23B1844,7.11,AE,"[85, 28, 61, 10, 16, 91]"
Tanvi Ranganathan,male,23B0743,9.42,CH,"[61, 26, 68, 23, 15, 45]"
Aarohi Dubey,male,23B0356,7.2,AE,"[92, 18, 83, 23, 11, 69]"
Sameer Malhotra,female,23B2135,8.29,EN,"[63, 18, 75, 17, 18, 98]"
Sachin Singh,male,23B0634,6.42,CS,"[75, 34, 65, 18, 14, 13]"
Aditya Kapoor,male,23B0734,6.13,CS,"[79, 31, 57, 20, 17, 63]"
Meera Gogoi,female,23B2119,8.73,CS,"[83, 37, 96, 16, 13, 21]"
Kunal Pillai,male,23B1828,6.94,EN,"[66, 27, 60, 12, 2, 47]"
Shreya Kulkarni,male,23B2297,9.24,CS,"[63, 19, 73, 13, 16, 41]"
Abhishek Gautam,male,23B1231,9.78,CS,"[70, 26, 98, 14, 12, 58]"
Lata Thakur,male,23B0397,8.18,CS,"[80, 14, 62, 13, 5, 57]"
Meera Chauhan,male,23B2430,7.71,CH,"[70, 19, 74, 19, 17, 51]"
Manish Mathur,male,23B0384,6.12,AE,"[86, 3, 46, 18, 3, 64]"
Neha Mehta,female,23B3906,7.74,CS,"[74, 25, 59, 10, 13, 26]"
Anjali Bhattacharya,male,23B1532,9.63,CH,"[84, 23, 55, 15, 7, 96]"
Nidhi Gogoi,male,23B1299,8.12,AE,"[79, 24, 66, 16, 18, 24]"
Divya Thakur,male,23B0389,8.02,EN,"[80, 16, 63, 11, 13, 92]"
Rajesh Gupta,male,23B3940,6.3,CS,"[81, 25, 52, 13, 11, 37]"
Yash Reddy,male,23B2226,8.39,AE,"[96, 24, 74, 20, 9, 15]"
Arjun Varma,female,23B3921,7.62,EN,"[61, 12, 49, 14, 10, 46]"
Priya Dutta,male,23B2127,6.62,CS,"[83, 24, 60, 12, 8, 60]"
Nisha Menon,male,23B1240,7.14,CS,"[83, 20, 81, 13, 1, 37]"
Karan Nandan,male,23B0442,7.06,CS,"[72, 34, 88, 12, 9, 34]"
Pranav Reddy,male,23B3972,9.42,CH,"[72, 29, 81, 16, 6, 53]"
Aarav Saxena,female,23B1813,6.61,CH,"[95, 36, 85, 15, 12, 35]"
Pooja Bhattacharya,female,23B1853,8.39,CS,"[100, 9, 53, 14, 8, 44]"
Pranav Menon,male,23B2433,7.73,AE,"[90, 5, 77, 18, 12, 76]"
Pooja Deshmukh,male,23B0933,9.56,AE,"[74, 18, 84, 8, 8, 4]"
Naina Dutta,male,23B1809,9.2,EN,"[93, 8, 78, 10, 12, 58]"
Ramesh Mukherjee,male,23B3952,6.53,CS,"[91, 38, 50, 16, 13, 66]"
Riya Saxena,male,23B0002,6.31,ES,"[77, 20, 89, 16, 9, 58]"
Maya Pandey,female,23B4226,8.9,EC,"[84, 20, 46, 16, 10, 35]"
Rajesh Sethi,male,23B2289,7.22,EP,"[75, 38, 56, 12, 10, 15]"
Neelam Swamy,male,23B0934,7.56,EE,"[65, 15, 42, 19, 4, 33]"
Karan Vyas,male,23B0438,8.96,EE,"[84, 23, 91, 19, 6, 25]"
Rekha Yadav,male,23B0045,9.2,EE,"[95, 21, 74, 6, 6, 31]"
Devansh Karthik,female,23B2408,6.15,EP,"[71, 24, 72, 16, 8, 45]"
Ritu Das,male,23B0929,9.74,ES,"[74, 9, 90, 17, 9, 87]"
Simran Prasad,male,23B3911,7.79,EC,"[79, 8, 47, 18, 7, 75]"
Sameer Yadav,male,23B1251,9.56,EE,"[94, 13, 51, 9, 7, 31]"
Pranav Dubey,male,23B1066,6.66,EE,"[74, 38, 95, 18, 8, 61]"
Alka Singhal,male,23B0606,9.03,EE,"[81, 15, 68, 12, 13, 14]"
Rakesh Thakur,female,23B1839,8.98,EE,"[97, 17, 97, 13, 13, 10]"
Kartik Dubey,male,23B1042,7.33,ES,"[75, 8, 79, 13, 20, 86]"
Shreya Dasgupta,male,23B2709,8.7,EP,"[89, 19, 81, 14, 8, 55]"
Pallavi Choudhury,male,23B0446,9.51,EE,"[81, 10, 93, 12, 13, 61]"
Devansh Das,male,23B0661,7.6,EE,"[66, 21, 90, 9, 12, 80]"
Pooja Yadav,male,23B2133,8.04,EE,"[73, 17, 90, 17, 15, 14]"
Pallavi Gogoi,female,23B1068,8.36,EE,"[82, 4, 80, 9, 9, 40]"
Yash Vyas,male,23B1016,6.77,ES,"[97, 12, 74, 20, 11, 15]"
Smita Iyer,male,23B1523,7.52,EP,"[87, 8, 91, 14, 9, 59]"
Mohit Nikam,male,23B0738,8.63,EC,"[84, 3, 73, 23, 0, 32]"
Anita Sen,male,23B0352,8.63,EE,"[89, 15, 87, 15, 3, 38]"
Rahul Nikam,male,23B1846,6.52,EE,"[88, 20, 69, 19, 18, 57]"
Shruti Singhal,female,23B1039,6.92,EE,"[64, 22, 79, 13, 5, 67]"
Sonal Sharma,male,23B2239,8.17,EP,"[75, 36, 41, 8, 10, 29]"
Rekha Sood,male,23B0342,7.68,EC,"[87, 13, 81, 8, 5, 85]"
Nisha Trivedi,female,23B0669,9.21,EE,"[75, 25, 47, 3, 11, 94]"
Meera Das,male,23B1009,8.83,EE,"[87, 9, 61, 23, 17, 1]"
Shruti Dasgupta,male,23B0943,8.82,EE,"[79, 29, 68, 16, 14, 78]"
Alka Nikam,female,23B1293,8.05,EP,"[95, 19, 67, 14, 10, 74]"
Neelam Jain,male,23B2482,6.47,ES,"[75, 17, 62, 8, 11, 26]"
Rohan Kulkarni,male,23B0055,8.05,EC,"[73, 20, 62, 28, 9, 55]"
Anjali Dasgupta,male,23B2156,8.39,EE,"[95, 27, 55, 9, 4, 90]"
Meera Varma,male,23B1215,9.19,EE,"[78, 15, 84, 12, 9, 19]"
Saurabh Raman,male,23B1286,6.59,EE,"[78, 16, 67, 17, 16, 93]"
Alka Banerjee,female,23B3922,6.3,ES,"[88, 31, 70, 20, 15, 71]"
Sameer Karthik,male,23B0337,7.25,EP,"[68, 3, 63, 5, 10, 76]"
Prakash Bhatia,male,23B3935,6.53,EE,"[86, 8, 76, 9, 10, 43]"
Deepak Sharma,male,23B3984,9.04,EE,"[70, 32, 89, 8, 16, 19]"
Karan Reddy,male,23B2254,8.65,EE,"[70, 39, 71, 14, 14, 42]"
Kartik Joshi,male,23B1085,9.68,EE,"[87, 11, 44, 25, 19, 43]"
Nikhil Chauhan,male,23B2233,9.55,ES,"[84, 25, 91, 13, 11, 37]"
Isha Sharma,female,23B1082,7.64,EE,"[64, 10, 79, 25, 6, 46]"
Harsh Kumar,male,23B1062,8.07,EP,"[73, 10, 78, 20, 6, 75]"
Akash Das,male,23B2190,7.76,EC,"[68, 11, 80, 13, 13, 12]"
Prakash Sood,male,23B0635,7.38,EE,"[86, 33, 85, 13, 14, 70]"
Siddharth Khandelwal,male,23B3973,6.82,EE,"[67, 12, 57, 25, 6, 4]"
Anjali Sengupta,female,23B1276,8.43,EP,"[70, 20, 47, 20, 10, 35]"
Divya Vyas,male,23B3956,9.41,ES,"[65, 15, 73, 17, 7, 85]"
Gaurav Raman,male,23B0660,8.87,EC,"[83, 17, 45, 22, 15, 68]"
Manisha Rana,male,23B3913,8.29,EE,"[81, 25, 69, 18, 15, 29]"
Riya Malhotra,male,23B2290,7.3,EE,"[86, 8, 57, 9, 8, 18]"
Divya Mathur,male,23B0659,7.55,EE,"[67, 8, 81, 8, 17, 51]"
Prakash Das,female,23B1527,8.34,EE,"[83, 1, 92, 10, 16, 36]"
Manish Shukla,male,23B3980,7.85,EP,"[65, 11, 44, 17, 7, 32]"
Kavya Joshi,female,23B3945,9.6,EE,"[63, 19, 77, 10, 10, 55]"
Sanjay Pande,male,23B3933,6.63,EE,"[74, 14, 69, 17, 13, 44]"
Nisha Rajput,male,23B0034,7.79,EE,"[65, 18, 45, 21, 13, 58]"
Arnav Joshi,male,23B2429,8.5,EE,"[72, 11, 62, 16, 16, 99]"
Sanjay Das,male,23B0400,8.66,ES,"[72, 22, 63, 12, 19, 17]"
Aarav Bhattacharya,female,23B0721,7.1,EE,"[62, 35, 75, 15, 4, 74]"
Prakash Sen,male,23B1072,7.15,EP,"[69, 1, 56, 16, 9, 51]"
Gaurav Thakur,male,23B3948,8.87,EC,"[77, 6, 83, 20, 4, 57]"
Deepak Nair,male,23B0767,6.09,EE,"[66, 12, 83, 15, 11, 37]"
Nidhi Suresh,male,23B2466,9.71,EE,"[74, 19, 47, 14, 15, 91]"
Sanya Thakur,male,23B0022,9.32,ES,"[85, 16, 81, 12, 4, 52]"
Ananya Deshmukh,female,23B1509,6.93,EE,"[85, 26, 63, 14, 15, 21]"
Neha Chakraborty,male,23B1023,9.37,EP,"[86, 26, 99, 12, 8, 72]"
Deepak Joshi,male,23B3903,7.36,EC,"[81, 9, 87, 16, 7, 35]"
Rekha Dixit,male,23B2201,6.28,EE,"[81, 17, 57, 16, 13, 98]"
Rohit Menon,male,23B1234,8.18,EE,"[77, 17, 46, 13, 14, 18]"
Rohit Mukherjee,male,23B2473,9.3,ES,"[98, 36, 62, 15, 5, 97]"
Kartik Mishra,female,23B2530,9.29,EE,"[65, 23, 53, 8, 14, 63]"
Rajesh Ghosh,male,23B0981,8.35,EP,"[77, 34, 99, 4, 11, 56]"
Deepak Rana,male,23B2448,8.48,EC,"[79, 22, 77, 6, 16, 21]"
Harsh Thakur,male,23B3924,7.64,EE,"[88, 29, 71, 17, 3, 35]"
Aditi Dubey,male,23B2202,9.32,EE,"[87, 25, 49, 27, 6, 17]"
Shreya Dubey,female,23B0074,8.7,EE,"[82, 23, 71, 22, 9, 1]"
Shruti Thakur,male,23B2186,7.84,ES,"[89, 16, 65, 24, 11, 20]"
Ayesha Khanna,male,23B0308,9.22,EP,"[67, 16, 73, 21, 11, 64]"
Smita Nair,male,23B1207,6.91,EE,"[65, 33, 63, 9, 10, 30]"
Aarav Malik,male,23B0601,6.61,EE,"[81, 8, 62, 21, 9, 81]"
Siddharth Dutta,male,23B0983,9.45,EE,"[88, 30, 96, 15, 3, 25]"
Manisha Kumar,female,23B0710,7.43,EP,"[90, 15, 48, 16, 16, 58]"
Rajesh Reddy,female,23B2132,9.36,EP,"[78, 11, 56, 18, 7, 66]"
Rajesh Joshi,male,23B0029,7.25,EC,"[76, 19, 64, 15, 12, 25]"
Nidhi Reddy,male,23B0736,9.94,EE,"[71, 9, 94, 23, 10, 72]"
Arjun Pillai,male,23B1832,8.74,EE,"[87, 20, 66, 18, 3, 96]"
Swati Kapadia,male,23B1217,8.62,EE,"[77, 14, 79, 18, 3, 2]"
Tarun Dixit,male,23B2502,9.84,ES,"[93, 8, 68, 18, 7, 63]"
Tara Saxena,female,23B0030,7.68,EE,"[90, 20, 100, 7, 9, 97]"
Lata Malhotra,male,23B2732,8.06,EP,"[68, 16, 74, 15, 12, 78]"
Vishal Varma,male,23B2208,6.69,EC,"[88, 28, 80, 16, 8, 27]"
Amitabh Malik,male,23B2105,9.26,EE,"[69, 35, 60, 16, 13, 16]"
Rakesh Shah,male,23B0020,6.12,EE,"[75, 33, 83, 20, 7, 29]"
Rahul Ranganathan,female,23B1239,7.74,EP,"[95, 25, 98, 17, 6, 56]"
Prakash Jain,male,23B2734,7.0,ES,"[87, 20, 46, 26, 11, 69]"
Saurabh Sen,male,23B0644,7.38,EC,"[93, 35, 60, 7, 18, 80]"
Lata Malik,male,23B2434,9.65,EE,"[91, 13, 60, 11, 20, 75]"
Nisha Dutta,male,23B4224,9.56,EE,"[91, 21, 64, 4, 15, 62]"
Manisha Nandan,male,23B3031,9.16,EE,"[79, 12, 49, 16, 9, 26]"
Riya Sethi,female,23B0412,8.57,EE,"[82, 25, 40, 14, 1, 58]"
Swati Sinha,male,23B2168,8.92,ES,"[87, 27, 50, 20, 3, 39]"
Kabir Sen,male,23B0399,6.37,EP,"[80, 28, 84, 21, 3, 84]"
Anjali Naidu,male,23B2145,7.68,EE,"[72, 14, 56, 24, 14, 68]"
Siddhi Bose,male,23B2515,7.38,EE,"[75, 18, 43, 16, 3, 56]"
Isha Singhal,male,23B2240,6.99,EE,"[72, 23, 45, 15, 9, 36]"
Arjun Sethi,female,23B2216,6.05,EC,"[64, 8, 94, 11, 8, 11]"
Naina Pande,male,23B3034,8.38,ES,"[67, 24, 99, 20, 18, 39]"
Smita Singh,male,23B2729,9.49,EP,"[84, 9, 68, 23, 5, 38]"
Sameer Shah,male,23B0010,9.22,EE,"[64, 28, 89, 22, 9, 45]"
Amitabh Thakur,male,23B0763,8.13,EE,"[69, 19, 70, 9, 5, 96]"
Aditya Choudhury,male,23B1244,7.95,EE,"[82, 19, 69, 26, 8, 36]"
Priya Rajput,female,23B2292,8.36,EP,"[77, 14, 78, 10, 2, 4]"
Abhishek Kapadia,female,23B2122,7.07,EE,"[72, 17, 78, 15, 8, 47]"
Isha Mukherjee,male,23B1013,8.51,EE,"[91, 17, 83, 16, 15, 84]"
Raj Patel,male,23B0985,6.51,EE,"[88, 8, 80, 17, 8, 44]"
Divya Prasad,male,23B0375,8.74,EE,"[65, 10, 50, 17, 14, 39]"
Kartik Jha,male,23B1814,8.51,EE,"[92, 3, 92, 15, 14, 39]"
Meera Joshi,female,23B2521,8.42,EP,"[79, 14, 50, 20, 11, 10]"
Bhavna Singhal,male,23B2494,8.2,ES,"[85, 21, 99, 12, 17, 99]"
Kritika Kumar,male,23B0718,7.3,EE,"[69, 36, 86, 25, 10, 70]"
Pooja Gogoi,male,23B2166,8.39,EE,"[94, 10, 87, 14, 14, 76]"
Kartik Bhattacharya,male,23B4240,8.99,EE,"[78, 21, 88, 12, 4, 55]"
Kavya Bhardwaj,male,23B2242,6.87,EE,"[65, 26, 76, 20, 17, 63]"
Neetu Kumar,female,23B0327,9.28,EE,"[75, 26, 96, 10, 11, 47]"
Deepak Sinha,male,23B0648,7.71,ES,"[88, 37, 70, 14, 4, 26]"
Tarun Swamy,male,23B0920,8.13,EP,"[87, 29, 57, 14, 10, 42]"
Yash Raman,male,23B3014,7.78,EC,"[68, 13, 46, 18, 13, 63]"
Ajay Sen,male,23B4225,6.92,EE,"[92, 23, 86, 10, 2, 75]"
Ayesha Ghosh,male,23B2148,6.18,EE,"[78, 12, 66, 12, 0, 97]"
Kartik Shah,female,23B2705,7.9,EC,"[69, 25, 48, 11, 14, 29]"
Priya Mahajan,male,23B3985,9.91,ES,"[66, 16, 59, 11, 6, 43]"
Tarun Singh,male,23B0429,9.77,EP,"[95, 17, 50, 12, 17, 7]"
Priya Singhal,male,23B0015,8.98,EE,"[87, 22, 53, 17, 10, 37]"
Pooja Rana,male,23B0319,8.27,EE,"[78, 10, 81, 22, 19, 70]"
Ramesh Dixit,male,23B0726,9.29,EE,"[69, 10, 59, 22, 11, 27]"
Saurabh Verma,female,23B0930,6.66,EE,"[77, 10, 91, 24, 5, 13]"
Aditya Chauhan,male,23B3923,7.92,ES,"[67, 12, 64, 12, 9, 28]"
Naina Nair,male,23B0989,6.41,EP,"[81, 29, 61, 14, 10, 19]"
Rohan Swamy,male,23B2520,8.11,EE,"[69, 21, 87, 16, 11, 25]"
Riya Mukherjee,male,23B0693,9.24,EE,"[66, 26, 69, 15, 4, 25]"
Manish Kulkarni,male,23B3937,8.08,EE,"[82, 28, 64, 19, 11, 23]"
Arjun Ghosh,female,23B2101,8.65,EP,"[78, 27, 99, 6, 17, 7]"
Anushka Patel,male,23B2179,7.96,EC,"[70, 16, 67, 10, 2, 65]"
Siddharth Pillai,female,23B1827,8.01,EE,"[68, 13, 57, 12, 12, 35]"
Ritu Khandelwal,male,23B1055,7.83,EE,"[94, 17, 78, 23, 12, 72]"
Manish Saxena,male,23B1006,7.02,EE,"[75, 10, 89, 16, 10, 4]"
Vishal Sood,male,23B0716,6.74,EE,"[77, 18, 69, 6, 8, 73]"
Rajat Pillai,female,23B1236,6.33,EC,"[71, 19, 76, 25, 18, 70]"
Nikhil Dixit,male,23B0912,9.16,ES,"[84, 19, 97, 18, 18, 81]"
Rakesh Jha,male,23B1539,9.57,EP,"[66, 40, 97, 1, 11, 5]"
Ananya Raut,male,23B0425,6.81,EE,"[98, 25, 89, 17, 12, 47]"
Kabir Kumar,male,23B0366,9.8,EE,"[91, 27, 90, 17, 10, 14]"
Deepak Vyas,male,23B2231,8.48,EE,"[65, 21, 85, 6, 9, 81]"
Aditya Trivedi,female,23B0004,6.09,EE,"[66, 12, 81, 17, 15, 73]"
Alka Dutta,male,23B0695,9.48,ES,"[82, 33, 92, 15, 10, 10]"
Divya Tiwari,male,23B2268,9.06,EP,"[69, 19, 63, 16, 14, 84]"
Kritika Sengupta,male,23B1841,9.69,EE,"[93, 21, 72, 7, 20, 33]"
Anushka Sen,male,23B1546,9.41,EE,"[65, 19, 70, 7, 11, 93]"
Rekha Chakraborty,male,23B0355,9.32,EE,"[68, 34, 71, 17, 11, 75]"
Sneha Rajput,female,23B2111,7.22,ES,"[61, 30, 57, 15, 3, 85]"
Gaurav Sharma,male,23B2218,8.0,EP,"[77, 16, 83, 7, 7, 42]"
Mohit Joshi,male,23B0754,7.95,EC,"[81, 34, 55, 13, 18, 51]"
Isha Chatterjee,male,23B0741,7.3,EE,"[97, 31, 41, 23, 14, 8]"
Vikram Gautam,male,23B3917,7.1,EE,"[85, 25, 56, 9, 10, 70]"
Aarav Mathur,male,23B2506,7.27,EE,"[71, 27, 62, 17, 8, 20]"
Raj Prasad,female,23B0700,8.36,EE,"[68, 29, 70, 23, 9, 57]"
Siddhi Nair,male,23B2483,7.57,ES,"[72, 32, 97, 8, 5, 82]"
Amitabh Pandey,male,23B0388,7.6,EP,"[91, 17, 45, 12, 2, 16]"
Kabir Malhotra,male,23B0939,8.25,EC,"[90, 26, 52, 14, 7, 30]"
Aditi Kulkarni,male,23B0609,7.07,EE,"[79, 12, 60, 17, 7, 54]"
Anjali Bhardwaj,male,23B3033,7.09,EE,"[73, 21, 88, 10, 6, 85]"
Neetu Nambiar,male,23B1000,8.43,CL,"[82, 23, 55, 9, 11, 54]"
Tarun Vyas,male,23B0703,7.63,CL,"[62, 35, 49, 16, 4, 43]"
Kartik Bhatia,female,23B1833,8.42,ME,"[63, 14, 70, 11, 13, 21]"
Neelam Chawla,male,23B2110,9.51,ME,"[65, 4, 82, 9, 2, 51]"
Meera Pillai,male,23B0418,7.74,ME,"[89, 21, 84, 13, 18, 11]"
Aditi Sharma,male,23B2263,9.89,ME,"[73, 25, 89, 15, 10, 21]"
Vikas Nandan,male,23B1297,8.72,CL,"[73, 17, 78, 15, 13, 66]"
Karan Dixit,male,23B0329,8.69,CL,"[70, 21, 73, 17, 11, 70]"
Aarohi Joshi,female,23B2277,9.19,ME,"[92, 20, 83, 9, 11, 26]"
Ramesh Thakur,male,23B0944,8.09,ME,"[87, 37, 68, 19, 7, 27]"
Arjun Iyer,male,23B1036,8.41,ME,"[75, 17, 75, 18, 10, 11]"
Rhea Rana,male,23B1203,9.03,ME,"[92, 24, 79, 20, 8, 54]"
Aarav Das,male,23B2138,8.15,CL,"[87, 16, 83, 15, 4, 8]"
Kabir Gogoi,male,23B0054,6.18,CL,"[63, 9, 67, 21, 12, 91]"
Abhishek Roy,female,23B3944,6.63,ME,"[90, 25, 59, 17, 11, 67]"
Tarun Jain,male,23B2414,7.13,ME,"[65, 19, 79, 19, 8, 13]"
Alka Ranganathan,male,23B2195,9.88,ME,"[87, 24, 88, 7, 8, 64]"
Tarun Mukherjee,male,23B0347,9.08,ME,"[70, 32, 77, 11, 6, 69]"
Abhishek Sethi,male,23B0608,6.65,CL,"[69, 20, 57, 19, 14, 80]"
Aditya Malik,male,23B0766,8.24,CL,"[64, 32, 44, 11, 16, 60]"
Diya Nair,female,23B1245,9.45,ME,"[84, 39, 50, 17, 6, 75]"
Devansh Gogoi,male,23B2725,6.21,ME,"[94, 33, 63, 20, 12, 24]"
Anika Mukherjee,male,23B0954,6.43,ME,"[61, 26, 49, 17, 14, 57]"
Raj Ranganathan,male,23B3975,6.3,ME,"[73, 22, 71, 23, 3, 38]"
Nisha Karthik,male,23B0441,7.55,CL,"[61, 35, 94, 5, 16, 80]"
Arnav Banerjee,male,23B0049,7.72,CL,"[77, 30, 86, 13, 5, 72]"
Amitabh Bhatt,female,23B2184,9.8,ME,"[70, 26, 99, 21, 15, 34]"
Nidhi Chawla,male,23B3932,8.53,ME,"[100, 30, 50, 15, 14, 87]"
Akash Khandelwal,male,23B1028,7.88,ME,"[88, 23, 68, 16, 14, 47]"
Sanjay Nandan,male,23B2449,9.3,ME,"[76, 28, 62, 11, 13, 92]"
Rohit Gautam,male,23B0409,9.77,CL,"[94, 23, 76, 21, 10, 58]"
Lata Bose,male,23B0978,8.99,CL,"[66, 31, 90, 6, 10, 61]"
Rakesh Ranganathan,female,23B2526,8.23,ME,"[78, 7, 85, 11, 1, 62]"
Gaurav Ghosh,male,23B1027,8.7,ME,"[94, 21, 67, 17, 16, 52]"
Swati Menon,male,23B2514,8.97,ME,"[76, 31, 67, 15, 9, 62]"
Neha Nambiar,male,23B1847,6.3,ME,"[100, 11, 42, 19, 7, 95]"
Anita Yadav,male,23B4232,7.52,CL,"[70, 14, 91, 6, 7, 39]"
Aarohi Chakraborty,male,23B3954,7.36,CL,"[71, 20, 69, 17, 5, 37]"
Rajat Naidu,female,23B2487,8.78,ME,"[85, 40, 77, 4, 11, 24]"
Neha Mukherjee,male,23B1047,6.35,ME,"[71, 38, 92, 18, 11, 65]"
Arnav Sen,male,23B2209,8.95,ME,"[64, 15, 74, 12, 8, 26]"
Lata Bhatia,female,23B0936,9.21,ME,"[97, 13, 94, 15, 9, 69]"
Harsh Sharma,male,23B0428,9.21,CL,"[66, 26, 64, 24, 4, 68]"
Sachin Khandelwal,male,23B3028,7.51,CL,"[79, 8, 68, 10, 12, 63]"
Siddhi Raut,female,23B0014,9.59,ME,"[81, 23, 57, 18, 10, 29]"
Ramesh Shah,male,23B0071,8.22,ME,"[73, 2, 48, 21, 4, 8]"
Naina Rao,male,23B0694,9.68,ME,"[69, 10, 72, 12, 9, 86]"
Rohan Singh,male,23B1011,9.25,ME,"[73, 22, 58, 10, 6, 60]"
Kartik Mukherjee,male,23B0321,7.29,CL,"[73, 19, 49, 19, 7, 70]"
Nisha Choudhury,male,23B0027,7.99,CL,"[67, 21, 68, 10, 8, 50]"
Ananya Desai,female,23B2107,8.71,ME,"[89, 22, 47, 15, 13, 60]"
Vikas Saxena,male,23B3013,8.99,ME,"[74, 38, 48, 23, 1, 58]"
Rajiv Dasgupta,male,23B1214,8.16,ME,"[71, 20, 48, 17, 10, 95]"
Neetu Singhal,male,23B2456,7.6,ME,"[66, 6, 80, 17, 3, 97]"
Ritu Verma,male,23B3986,8.93,CL,"[75, 7, 62, 17, 12, 40]"
Manav Singhal,male,23B0680,8.91,CL,"[78, 14, 82, 19, 6, 66]"
Kartik Naidu,female,23B2507,6.85,ME,"[97, 18, 55, 18, 3, 43]"
Tarun Pandey,male,23B0304,9.13,ME,"[89, 30, 69, 16, 10, 63]"
Kunal Kumar,male,23B0672,7.93,ME,"[77, 29, 44, 16, 9, 96]"
Raj Khanna,male,23B2728,8.02,CL,"[91, 7, 82, 15, 12, 33]"
Anika Desai,male,23B0628,8.4,CL,"[79, 7, 56, 11, 0, 31]"
Rohit Sethi,female,23B0645,8.46,ME,"[66, 19, 71, 14, 9, 70]"
Sneha Chawla,male,23B0655,7.65,ME,"[83, 37, 63, 11, 10, 54]"
Neha Verma,male,23B2533,6.42,ME,"[99, 26, 75, 19, 13, 67]"
Anika Roy,male,23B3983,7.32,ME,"[96, 16, 87, 11, 15, 50]"
Kritika Naidu,male,23B0070,6.11,CL,"[84, 19, 46, 5, 12, 13]"
Manav Reddy,male,23B1531,9.15,CL,"[85, 23, 87, 14, 1, 29]"
Nisha Joshi,female,23B3022,9.76,ME,"[80, 3, 46, 20, 10, 69]"
Sachin Malik,male,23B1032,7.99,ME,"[83, 13, 77, 6, 11, 78]"
Kabir Saxena,male,23B0643,8.12,ME,"[87, 12, 98, 13, 14, 55]"
Kabir Suresh,male,23B0373,8.31,ME,"[77, 18, 56, 17, 7, 44]"
Anita Mahajan,male,23B4207,7.54,CL,"[77, 23, 45, 16, 13, 35]"
Sanjay Suresh,male,23B2265,9.22,CL,"[84, 17, 82, 16, 14, 67]"
Pallavi Khanna,female,23B2154,9.17,ME,"[83, 25, 68, 17, 4, 87]"
Kiran Chawla,male,23B3920,8.84,ME,"[81, 26, 60, 8, 12, 74]"
Meera Kulkarni,male,23B2244,9.31,ME,"[78, 22, 64, 15, 9, 90]"
Ishita Pande,male,23B0999,8.47,ME,"[93, 17, 53, 17, 2, 40]"
Lata Prasad,male,23B0755,7.09,CL,"[98, 6, 79, 12, 11, 40]"
Rekha Vyas,male,23B2478,7.28,CL,"[85, 26, 63, 20, 17, 55]"
Divya Joshi,female,23B4239,8.49,ME,"[84, 28, 64, 5, 3, 56]"
Rohit Swamy,male,23B2476,7.38,ME,"[67, 23, 44, 13, 11, 75]"
Tarun Bhattacharya,male,23B0331,7.0,ME,"[76, 24, 92, 17, 9, 86]"
Isha Shukla,female,23B0421,9.98,ME,"[76, 3, 52, 20, 12, 66]"
Rajesh Nandan,male,23B2291,7.62,CL,"[91, 32, 86, 20, 4, 77]"
Tara Reddy,male,23B3914,7.78,CL,"[82, 21, 61, 11, 14, 42]"
Manisha Sengupta,female,23B3946,8.37,ME,"[69, 20, 98, 21, 13, 61]"
Karan Sethi,male,23B0966,9.28,ME,"[88, 13, 61, 19, 11, 60]"
Gaurav Mukherjee,male,23B1080,6.21,ME,"[93, 14, 97, 11, 9, 14]"
Saurabh Bhatt,male,23B0610,8.76,ME,"[66, 27, 72, 11, 19, 63]"
Kritika Sinha,male,23B1859,9.26,CL,"[67, 25, 63, 16, 16, 63]"
Meera Nambiar,male,23B0691,9.02,CL,"[86, 24, 49, 16, 10, 44]"
Tara Dixit,female,23B0622,8.41,ME,"[70, 39, 66, 19, 18, 27]"
Pooja Saxena,male,23B2193,7.68,ME,"[63, 18, 71, 12, 14, 23]"
Divya Pandey,male,23B3991,9.27,ME,"[67, 12, 68, 10, 10, 40]"
Isha Kumar,male,23B3030,6.51,ME,"[86, 18, 69, 18, 12, 18]"
Ajay Gupta,male,23B0681,9.68,CL,"[67, 32, 86, 11, 4, 97]"
Rajesh Bhatia,male,23B0932,9.13,CL,"[78, 2, 53, 16, 9, 41]"
Pranav Nambiar,female,23B0961,9.46,ME,"[70, 25, 45, 14, 8, 17]"
Devansh Khanna,male,23B2199,6.61,ME,"[83, 14, 95, 17, 5, 37]"
Diya Reddy,male,23B4206,7.83,ME,"[95, 22, 75, 19, 13, 70]"
Alka Pillai,male,23B2486,8.2,ME,"[70, 28, 60, 17, 9, 87]"
Siddharth Pande,male,23B0009,6.8,CL,"[99, 20, 76, 17, 5, 49]"
Manish Dubey,male,23B0317,6.06,CL,"[96, 14, 69, 13, 11, 61]"
Rajesh Suresh,female,23B0420,8.82,ME,"[98, 6, 56, 7, 3, 49]"
Meera Vyas,male,23B2496,7.56,ME,"[75, 12, 77, 20, 17, 6]"
Divya Varma,male,23B2155,6.9,ME,"[65, 24, 47, 22, 6, 43]"
Lata Chauhan,male,23B1520,8.96,ME,"[75, 26, 52, 14, 10, 5]"
Divya Menon,male,23B3910,6.72,CL,"[94, 27, 69, 17, 15, 49]"
Alka Kumar,male,23B1819,8.47,CL,"[89, 17, 87, 15, 8, 20]"
Aditi Rana,female,23B3035,6.13,ME,"[71, 22, 47, 13, 12, 57]"
Anika Jha,male,23B1857,7.54,ME,"[84, 26, 77, 10, 3, 81]"
Sonal Solanki,male,23B0664,8.31,ME,"[96, 20, 57, 16, 9, 21]"
Anjali Verma,male,23B1824,8.14,ME,"[89, 39, 49, 17, 6, 43]"
Neha Bhatt,male,23B0925,8.62,CL,"[94, 12, 50, 14, 1, 90]"
Tanvi Choudhury,male,23B4246,7.47,CL,"[85, 29, 72, 6, 14, 77]"
Devansh Suresh,female,23B4204,7.83,ME,"[89, 5, 81, 19, 0, 25]"
Neelam Tiwari,male,23B1222,9.31,ME,"[98, 15, 57, 20, 7, 45]"
Rajesh Nikam,male,23B3939,6.48,ME,"[85, 23, 85, 10, 10, 80]"
Pooja Reddy,male,23B3931,6.53,ME,"[81, 6, 45, 9, 3, 64]"
Kiran Mahajan,male,23B0969,9.88,CL,"[89, 18, 80, 20, 9, 28]"
Abhishek Tiwari,male,23B3027,7.2,CL,"[97, 20, 67, 18, 13, 50]"
Akash Pandey,female,23B1067,9.9,ME,"[65, 19, 52, 24, 12, 66]"
Kunal Dixit,male,23B1517,9.33,ME,"[91, 33, 59, 15, 16, 33]"
Kavya Mahajan,male,23B0720,8.99,ME,"[86, 32, 66, 12, 8, 72]"
Kiran Tiwari,female,23B2104,8.23,ME,"[74, 23, 59, 21, 4, 58]"
Kunal Dutta,male,23B0604,8.92,CL,"[64, 14, 56, 18, 3, 17]"
Aditi Singh,male,23B0744,9.67,CL,"[75, 14, 92, 15, 13, 52]"
Karan Rana,female,23B3950,9.0,ME,"[86, 25, 89, 15, 10, 79]"
Raj Mukherjee,male,23B2175,6.76,ME,"[97, 27, 99, 16, 15, 59]"
Anika Nair,male,23B2436,7.93,ME,"[62, 28, 63, 12, 7, 62]"
Shruti Nikam,male,23B1816,7.98,ME,"[95, 34, 95, 13, 13, 89]"
Anushka Chawla,male,23B2204,7.45,CL,"[71, 25, 47, 17, 17, 82]"
Rhea Bhatia,male,23B2170,8.32,CL,"[76, 28, 82, 16, 7, 12]"
Simran Desai,female,23B1801,9.87,ME,"[64, 16, 73, 18, 19, 41]"
Isha Dubey,male,23B0761,7.5,ME,"[76, 30, 92, 20, 7, 37]"
Simran Agarwal,male,23B1004,7.48,ME,"[86, 6, 76, 16, 12, 1]"
Neelam Kapadia,male,23B3005,6.49,ME,"[93, 17, 49, 9, 8, 83]"
Meera Nikam,male,23B1845,7.72,CL,"[88, 17, 69, 25, 7, 81]"
Pallavi Verma,male,23B0771,8.52,CL,"[84, 16, 89, 9, 10, 65]"
Rahul Sethi,female,23B1541,7.42,ME,"[67, 25, 67, 13, 16, 80]"
Kiran Shah,male,23B0765,6.3,ME,"[74, 23, 61, 7, 10, 30]"
Neetu Mathur,male,23B1248,8.49,ME,"[100, 13, 81, 15, 9, 72]"
Sanya Pande,male,23B2214,6.14,ME,"[69, 22, 64, 4, 2, 40]"
Anushka Reddy,male,23B2407,9.73,CL,"[88, 18, 80, 15, 19, 63]"
Manav Vyas,male,23B1220,8.19,CL,"[84, 36, 91, 26, 19, 3]"
Aditya Mehta,female,23B2443,7.26,ME,"[88, 13, 66, 18, 7, 81]"
Sameer Joshi,male,23B2153,7.85,ME,"[78, 5, 87, 12, 13, 38]"
Gaurav Banerjee,male,23B0745,7.85,ME,"[76, 28, 46, 17, 2, 94]"
Neha Dutta,male,23B2181,7.71,ME,"[64, 35, 51, 11, 15, 61]"
Akash Kapoor,male,23B2165,8.16,CL,"[63, 26, 72, 11, 14, 62]"
Rhea Bhatt,male,23B0623,7.01,CL,"[90, 15, 84, 7, 6, 60]"
Lata Das,female,23B0619,8.33,ME,"[89, 18, 75, 19, 16, 67]"
Siddhi Joshi,male,23B2461,9.59,ME,"[96, 25, 83, 5, 6, 37]"
Shruti Varma,male,23B1051,8.92,ME,"[65, 14, 90, 15, 10, 40]"
Ananya Reddy,male,23B0762,9.06,ME,"[64, 16, 45, 23, 12, 84]"
Kritika Verma,male,23B2129,7.07,CL,"[80, 21, 51, 14, 9, 62]"
Sneha Dixit,male,23B2704,8.71,CL,"[72, 6, 68, 7, 4, 54]"
Ajay Bhattacharya,female,23B0060,7.27,ME,"[87, 15, 73, 14, 11, 49]"
Neetu Chatterjee,male,23B0330,6.57,ME,"[88, 15, 51, 9, 11, 78]"
Diya Gupta,male,23B0729,8.3,ME,"[63, 39, 57, 12, 14, 74]"
Anita Chakraborty,male,23B1029,8.0,ME,"[99, 5, 79, 27, 9, 49]"
Prakash Dubey,male,23B2458,6.7,CL,"[94, 25, 68, 19, 3, 52]"
Siddhi Vyas,male,23B0945,6.08,CL,"[60, 9, 75, 29, 0, 40]"
Aarohi Singh,female,23B2229,6.64,ME,"[91, 13, 48, 7, 2, 20]"
Amitabh Reddy,female,23B0333,7.37,ME,"[90, 19, 74, 19, 5, 52]"
Bhavna Bhardwaj,male,23B2212,6.13,ME,"[75, 13, 79, 4, 11, 55]"
Karan Deshmukh,male,23B1843,8.45,CL,"[92, 25, 74, 7, 5, 12]"
Kavya Desai,male,23B0713,8.96,CL,"[72, 12, 65, 12, 14, 29]"
Ajay Kumar,male,23B0708,8.61,CL,"[80, 34, 77, 15, 9, 87]"
Aarav Karthik,male,23B1267,8.12,CL,"[78, 40, 52, 18, 19, 65]"
Naina Prasad,female,23B0902,6.39,ME,"[97, 21, 51, 16, 10, 81]"
Amitabh Raman,male,23B2163,9.03,ME,"[90, 22, 46, 10, 15, 71]"
Akash Mishra,male,23B3969,6.62,ME,"[79, 34, 87, 25, 9, 49]"
Maya Naidu,female,23B1289,7.26,MM,"[93, 15, 57, 18, 15, 11]"
Nidhi Ranganathan,male,23B2191,9.05,CE,"[80, 15, 60, 11, 12, 75]"
Simran Deshmukh,male,23B1850,9.55,CE,"[67, 7, 60, 19, 4, 26]"
Divya Roy,male,23B2126,8.54,MM,"[66, 15, 63, 16, 14, 88]"
Anushka Bhattacharya,male,23B1519,6.64,CE,"[90, 19, 62, 14, 7, 76]"
Isha Pande,male,23B0632,7.75,CE,"[79, 39, 71, 15, 11, 96]"
Pranav Sinha,female,23B1255,7.95,MM,"[85, 16, 72, 17, 5, 31]"
Smita Agarwal,male,23B0077,8.21,CE,"[63, 10, 71, 17, 9, 38]"
Diya Pande,male,23B0402,8.08,CE,"[96, 12, 77, 19, 10, 38]"
Pallavi Varma,male,23B2500,8.63,MM,"[88, 23, 81, 21, 9, 34]"
Rekha Malhotra,male,23B2445,7.05,CE,"[85, 33, 81, 20, 3, 34]"
Bhavna Das,male,23B3960,7.95,MM,"[83, 31, 81, 9, 10, 15]"
Abhishek Kumar,female,23B2726,8.35,CE,"[73, 23, 70, 15, 9, 86]"
Anita Choudhury,male,23B1836,8.12,MM,"[83, 22, 65, 16, 3, 17]"
Shreya Chatterjee,male,23B0382,9.88,CE,"[63, 20, 62, 10, 6, 51]"
Pallavi Malik,male,23B0950,9.68,MM,"[79, 28, 70, 22, 10, 14]"
Divya Rana,male,23B4230,7.71,CE,"[80, 27, 46, 6, 5, 34]"
Neetu Dasgupta,male,23B3968,7.93,MM,"[73, 20, 80, 7, 14, 60]"
Nikhil Kumar,female,23B0740,8.55,CE,"[80, 16, 55, 18, 10, 74]"
Tara Chatterjee,male,23B0692,6.58,MM,"[83, 11, 50, 22, 3, 38]"
Shruti Reddy,male,23B0035,9.78,CE,"[81, 17, 65, 13, 4, 10]"
Meera Nandan,male,23B0924,6.7,MM,"[84, 35, 89, 19, 7, 37]"
Sanjay Nambiar,male,23B1502,8.67,CE,"[92, 22, 85, 14, 15, 72]"
Isha Joshi,male,23B1313,6.37,MM,"[74, 8, 64, 15, 15, 81]"
Neetu Nair,female,23B2149,6.73,CE,"[80, 21, 90, 13, 4, 88]"
Karan Trivedi,female,23B0431,8.25,MM,"[82, 16, 89, 13, 9, 58]"
Alka Patel,male,23B2225,6.5,CE,"[94, 31, 65, 21, 9, 51]"
Sameer Malik,male,23B1822,7.22,CE,"[97, 21, 74, 19, 13, 55]"
Raj Nair,male,23B0605,7.01,MM,"[81, 31, 77, 15, 12, 12]"
Sneha Iyer,male,23B1279,6.56,CE,"[73, 21, 82, 20, 8, 56]"
Maya Mishra,female,23B1254,6.94,CE,"[72, 25, 74, 21, 7, 82]"
Amitabh Bhardwaj,male,23B1537,7.9,MM,"[68, 17, 68, 17, 20, 69]"
Deepak Rao,male,23B1292,8.4,CE,"[61, 24, 61, 13, 17, 57]"
Tanvi Mukherjee,male,23B0008,8.29,MM,"[82, 14, 82, 2, 12, 80]"
Meera Bhatia,male,23B1020,8.66,CE,"[82, 28, 51, 20, 11, 66]"
Vivek Jha,male,23B0315,9.15,MM,"[84, 21, 69, 15, 9, 8]"
Raj Dutta,female,23B0938,9.21,CE,"[85, 8, 55, 11, 15, 29]"
Akash Chauhan,male,23B2411,8.47,MM,"[68, 16, 70, 15, 8, 30]"
Anita Raman,male,23B4234,8.24,CE,"[78, 16, 86, 19, 9, 63]"
Sonal Pande,male,23B2176,7.98,MM,"[90, 26, 71, 7, 12, 87]"
Neelam Yadav,male,23B3912,6.71,CE,"[68, 28, 46, 12, 9, 86]"
Swati Choudhury,male,23B2467,9.87,CE,"[72, 15, 66, 8, 12, 24]"
Sneha Agarwal,female,23B0625,7.52,CE,"[72, 27, 99, 19, 7, 36]"
Simran Jain,male,23B2192,6.82,MM,"[83, 6, 46, 20, 15, 73]"
Manav Chauhan,male,23B0398,9.6,CE,"[75, 31, 64, 14, 11, 43]"
Kritika Kapadia,male,23B2224,6.84,MM,"[64, 30, 66, 15, 2, 44]"
Divya Swamy,male,23B0032,7.08,CE,"[98, 14, 72, 18, 11, 64]"
Rahul Pillai,male,23B0735,7.54,MM,"[72, 29, 54, 15, 15, 48]"
Aditi Pandey,female,23B3021,9.06,CE,"[68, 39, 45, 20, 8, 81]"
Simran Sengupta,male,23B2252,7.07,MM,"[62, 35, 70, 19, 2, 74]"
Sanjay Mishra,male,23B1511,8.47,CE,"[73, 28, 54, 16, 11, 37]"
Anushka Verma,male,23B3978,7.58,MM,"[98, 19, 49, 11, 0, 31]"
Bhavna Banerjee,male,23B3029,6.14,CE,"[83, 11, 74, 27, 9, 37]"
Shreya Khandelwal,male,23B0357,8.36,MM,"[95, 18, 48, 19, 14, 20]"
Karan Patel,female,23B0058,9.11,CE,"[97, 25, 46, 24, 5, 83]"
Kiran Roy,male,23B0970,7.17,MM,"[83, 36, 64, 19, 12, 1]"
Sachin Shukla,male,23B1211,7.76,CE,"[66, 16, 80, 18, 14, 3]"
Pooja Solanki,male,23B1852,7.09,MM,"[66, 15, 93, 13, 16, 61]"
Akash Gautam,male,23B1246,6.78,CE,"[68, 37, 70, 16, 7, 90]"
Meera Suresh,male,23B3967,8.24,MM,"[89, 18, 94, 12, 4, 2]"
Kritika Singh,female,23B0439,7.3,CE,"[79, 29, 42, 16, 6, 8]"
Sameer Pillai,female,23B0350,9.44,CE,"[89, 22, 96, 23, 12, 18]"
Ajay Dubey,male,23B1024,6.88,MM,"[61, 14, 45, 13, 4, 90]"
Nisha Kulkarni,male,23B0737,8.0,CE,"[90, 12, 77, 16, 19, 52]"
Rajesh Pillai,male,23B2206,7.89,MM,"[100, 25, 48, 16, 14, 23]"
Rajat Bose,male,23B2293,6.92,CE,"[71, 18, 89, 20, 2, 59]"
Pranav Kapadia,female,23B0052,9.01,MM,"[70, 14, 83, 17, 6, 78]"
Harsh Gupta,male,23B0626,6.34,CE,"[79, 34, 77, 13, 8, 83]"
Nisha Tiwari,male,23B0374,6.8,CE,"[95, 21, 75, 17, 4, 89]"
Siddhi Pandey,male,23B4235,6.73,MM,"[66, 31, 54, 18, 9, 19]"
Kabir Rana,male,23B3951,8.93,MM,"[64, 22, 82, 17, 6, 30]"
Naina Mahajan,male,23B2164,7.87,CE,"[98, 29, 72, 15, 4, 59]"
Siddhi Chakraborty,female,23B0905,9.16,CE,"[75, 23, 99, 7, 7, 59]"
Simran Saxena,male,23B0036,9.31,MM,"[62, 17, 47, 12, 10, 69]"
Swati Solanki,male,23B0349,9.57,CE,"[76, 34, 61, 21, 9, 67]"
Divya Dasgupta,male,23B1007,8.74,MM,"[89, 7, 71, 25, 4, 12]"
Amitabh Swamy,male,23B0407,9.67,CE,"[77, 24, 51, 17, 4, 47]"
Vikas Gupta,male,23B0705,9.39,CE,"[96, 18, 45, 26, 7, 84]"
Lata Jain,female,23B2463,9.73,MM,"[90, 24, 85, 21, 8, 81]"
Vivek Kumar,male,23B0914,7.79,CE,"[70, 15, 50, 17, 15, 21]"
Priya Prasad,male,23B2472,6.34,CE,"[78, 33, 68, 15, 14, 27]"
Sneha Varma,male,23B0675,8.67,MM,"[92, 9, 82, 9, 19, 34]"
Aditi Khanna,male,23B0759,6.91,CE,"[78, 19, 59, 5, 5, 87]"
Deepak Bose,male,23B1030,9.85,MM,"[62, 18, 80, 18, 13, 98]"
Ramesh Menon,female,23B1302,8.47,MM,"[76, 40, 60, 13, 18, 78]"
Karan Nikam,male,23B2498,9.91,CE,"[69, 3, 77, 14, 14, 72]"
Siddharth Varma,male,23B1504,6.73,CE,"[80, 1, 91, 18, 9, 65]"
Devansh Pillai,male,23B2424,9.24,MM,"[79, 17, 98, 11, 7, 64]"
Nidhi Bhatt,male,23B3020,7.87,CE,"[91, 6, 85, 21, 10, 11]"
Simran Raman,male,23B2722,8.21,MM,"[96, 30, 42, 19, 5, 66]"
Vishal Menon,female,23B1037,6.93,CE,"[79, 27, 78, 17, 12, 45]"
Diya Singhal,male,23B2177,8.74,MM,"[70, 13, 56, 23, 11, 76]"
Maya Mehta,male,23B2455,7.11,CE,"[96, 21, 51, 14, 10, 39]"
Amitabh Suresh,male,23B1079,7.34,MM,"[71, 24, 66, 14, 11, 15]"
Raj Kapoor,male,23B3970,7.07,CE,"[81, 24, 43, 14, 10, 75]"
Alka Shukla,male,23B0335,7.13,MM,"[87, 10, 76, 17, 12, 50]"
Manisha Dutta,female,23B4217,7.19,CE,"[61, 4, 71, 20, 11, 70]"
Vishal Reddy,female,23B1860,6.32,CE,"[96, 30, 55, 16, 8, 68]"
Nisha Varma,male,23B0376,8.51,MM,"[96, 20, 51, 13, 13, 55]"
Priya Sethi,male,23B1271,6.59,CE,"[85, 31, 60, 8, 12, 60]"
Sneha Mishra,male,23B1533,8.89,MM,"[65, 14, 69, 12, 11, 82]"
Sanjay Menon,male,23B1808,9.86,CE,"[67, 19, 72, 16, 9, 9]"
Abhishek Malik,female,23B0056,8.25,MM,"[70, 29, 61, 14, 8, 47]"
Amitabh Banerjee,male,23B1514,7.39,CE,"[89, 26, 66, 18, 2, 32]"
Sanjay Banerjee,male,23B0748,6.55,CE,"[70, 17, 61, 13, 12, 48]"
Anika Banerjee,male,23B1213,7.21,MM,"[81, 22, 78, 12, 12, 76]"
Anjali Singhal,male,23B2249,8.13,CE,"[69, 30, 65, 26, 18, 63]"
Arnav Dixit,male,23B0324,9.67,MM,"[97, 2, 70, 20, 2, 84]"
Nikhil Gogoi,female,23B3958,9.42,CE,"[82, 29, 50, 20, 15, 59]"
Nisha Malik,male,23B0353,7.93,MM,"[66, 15, 58, 17, 11, 19]"
Alka Vyas,male,23B4203,9.46,CE,"[100, 26, 91, 20, 7, 61]"
Diya Pandey,male,23B2281,7.18,MM,"[84, 24, 62, 14, 9, 24]"
Sanjay Sinha,male,23B1017,6.42,CE,"[83, 23, 46, 21, 20, 59]"
Raj Choudhury,male,23B0012,7.23,CE,"[60, 21, 48, 18, 11, 76]"
Vivek Dasgupta,female,23B2188,9.21,MM,"[82, 26, 88, 16, 10, 5]"
Nikhil Prasad,male,23B1298,9.67,CE,"[82, 23, 69, 6, 10, 37]"
Tara Kumar,male,23B0370,8.24,CE,"[86, 15, 70, 14, 11, 84]"
Meera Rao,male,23B0656,8.65,MM,"[64, 12, 44, 16, 6, 68]"
Sonal Dasgupta,male,23B0025,8.02,CE,"[67, 19, 70, 5, 5, 81]"
Raj Mehta,male,23B3009,6.28,MM,"[62, 15, 63, 7, 13, 79]"
Rakesh Saxena,female,23B2412,8.61,CE,"[88, 24, 59, 11, 9, 58]"
Meera Prasad,male,23B0019,6.76,MM,"[66, 17, 84, 15, 16, 36]"
Divya Bose,male,23B2189,9.97,CE,"[89, 2, 58, 27, 6, 5]"
Vikas Choudhury,male,23B0988,7.45,MM,"[96, 6, 90, 17, 11, 66]"
Naina Rajput,male,23B0417,8.61,CE,"[91, 10, 92, 12, 8, 73]"
Divya Shah,male,23B0923,8.38,CE,"[64, 23, 89, 11, 11, 45]"
Nidhi Kapadia,female,23B1227,9.37,MM,"[73, 28, 58, 17, 9, 47]"
Raj Nandan,male,23B2492,6.97,CE,"[67, 4, 99, 14, 12, 66]"
Nidhi Deshmukh,male,23B2171,9.29,CE,"[64, 10, 57, 29, 13, 45]"
Lata Kulkarni,male,23B2415,9.15,MM,"[79, 38, 80, 19, 14, 72]"
Vikas Reddy,male,23B2451,8.96,MM,"[68, 16, 76, 13, 11, 44]"
Rajesh Verma,male,23B3902,6.09,CE,"[90, 28, 58, 20, 9, 41]"
Siddharth Chakraborty,female,23B0987,7.85,MM,"[73, 21, 63, 12, 6, 71]"
Rahul Sharma,female,23B2262,9.2,CE,"[88, 18, 45, 10, 6, 31]"
Siddhi Sengupta,male,23B1529,8.75,CE,"[94, 35, 62, 8, 7, 49]"
Pranav Chawla,male,23B1858,8.98,CE,"[87, 6, 80, 11, 10, 53]"
Arjun Bhattacharya,male,23B2531,6.72,MM,"[84, 9, 80, 10, 5, 84]"
Aarohi Trivedi,male,23B4210,7.97,CE,"[73, 23, 77, 17, 10, 45]"
Priya Chauhan,female,23B0354,6.24,CE,"[98, 18, 58, 13, 7, 68]"
Aarav Mehta,male,23B0378,8.31,MM,"[99, 39, 59, 9, 11, 60]"
Mohit Jain,male,23B2413,6.71,CE,"[78, 22, 41, 16, 11, 84]"
Shreya Shah,male,23B1807,9.28,MM,"[84, 24, 76, 12, 12, 51]"
Neetu Bhatia,male,23B0346,6.58,MM,"[65, 12, 80, 21, 4, 45]"
Saurabh Roy,male,23B2270,7.28,CE,"[85, 16, 54, 18, 4, 66]"
Shruti Agarwal,female,23B4222,8.95,MM,"[68, 27, 76, 16, 7, 44]"
Aarohi Reddy,male,23B4244,7.19,CE,"[81, 26, 66, 9, 16, 57]"
Amitabh Yadav,male,23B0906,9.26,CE,"[95, 35, 70, 15, 6, 87]"
Riya Dixit,male,23B2518,6.38,MM,"[73, 19, 82, 11, 12, 58]"
Rajesh Mahajan,male,23B2296,9.49,CE,"[68, 26, 98, 19, 18, 82]"
Rhea Dutta,male,23B3941,7.15,MM,"[72, 22, 47, 15, 12, 43]"
Tanvi Yadav,female,23B2125,6.42,CS,"[75, 20, 95, 16, 7, 31]"
Manisha Saxena,male,23B1262,6.87,AE,"[99, 10, 100, 22, 6, 76]"
Anjali Banerjee,male,23B0732,8.94,EN,"[76, 16, 50, 18, 7, 64]"
Tarun Sengupta,male,23B2273,9.99,CS,"[85, 18, 70, 17, 12, 19]"
Rajat Bhatt,male,23B2210,6.98,CS,"[86, 20, 93, 24, 12, 17]"
Sanjay Desai,male,23B2182,8.24,CS,"[84, 23, 83, 14, 13, 32]"
Nidhi Kapoor,male,23B4242,7.72,EN,"[80, 25, 72, 18, 14, 0]"
Nisha Raut,female,23B1281,7.27,AE,"[82, 23, 62, 14, 10, 71]"
Manish Reddy,female,23B2283,6.25,CS,"[68, 35, 64, 19, 7, 17]"
Divya Mahajan,male,23B2425,8.7,AE,"[82, 18, 75, 15, 10, 50]"
Saurabh Agarwal,male,23B1063,6.59,EN,"[87, 7, 44, 15, 11, 38]"
Akash Menon,male,23B2134,6.74,CS,"[76, 36, 51, 14, 9, 51]"
Nikhil Nambiar,female,23B0688,6.76,AE,"[73, 35, 84, 20, 1, 88]"
Tanvi Sen,male,23B0653,7.1,EN,"[74, 23, 80, 15, 19, 72]"
Shruti Suresh,male,23B2422,7.71,CS,"[99, 14, 51, 8, 18, 75]"
Abhishek Jain,male,23B3904,7.76,CS,"[65, 6, 42, 24, 13, 80]"
Manav Gupta,male,23B0391,6.94,CS,"[72, 11, 89, 10, 7, 72]"
Ramesh Bhardwaj,male,23B2454,9.88,CS,"[69, 6, 53, 12, 9, 41]"
Amitabh Roy,female,23B1273,9.8,CS,"[94, 1, 81, 7, 9, 51]"
Vikram Mukherjee,male,23B3011,9.5,AE,"[76, 13, 56, 18, 12, 79]"
Neetu Pandey,female,23B1005,7.32,CS,"[76, 18, 94, 21, 4, 26]"
Rajiv Malhotra,male,23B2450,6.3,AE,"[100, 21, 93, 13, 4, 30]"
Sanjay Patel,male,23B0668,9.22,EN,"[80, 14, 84, 14, 7, 36]"
Deepak Varma,male,23B0061,7.56,CS,"[81, 12, 49, 14, 10, 36]"
Neetu Pillai,male,23B0697,8.36,AE,"[78, 10, 71, 18, 11, 78]"
Anita Solanki,female,23B1304,9.11,CS,"[71, 23, 73, 18, 20, 50]"
Ritu Naidu,male,23B1530,6.53,EN,"[71, 9, 85, 10, 5, 26]"
Sachin Saxena,male,23B0395,6.64,CS,"[62, 28, 90, 14, 13, 26]"
Riya Nandan,male,23B2246,7.74,CS,"[89, 17, 76, 15, 5, 68]"
Divya Chatterjee,male,23B1301,8.2,CS,"[68, 15, 67, 17, 13, 36]"
Divya Patel,male,23B0013,8.27,EN,"[98, 15, 58, 15, 19, 33]"
Amitabh Joshi,male,23B1212,9.24,AE,"[74, 18, 84, 10, 8, 75]"
Karan Sengupta,female,23B2143,8.53,EN,"[75, 36, 52, 24, 5, 70]"
Vikram Thakur,male,23B2113,9.9,AE,"[61, 14, 62, 20, 9, 84]"
Neetu Vyas,male,23B1545,9.5,CS,"[74, 2, 69, 21, 9, 40]"
Anita Menon,male,23B0959,9.43,CS,"[87, 23, 47, 11, 19, 8]"
Divya Bhattacharya,male,23B3947,6.74,AE,"[83, 9, 45, 13, 6, 5]"
Ramesh Saxena,female,23B0360,6.85,EN,"[95, 19, 59, 18, 13, 37]"
Neha Menon,male,23B0006,8.87,CS,"[89, 36, 87, 20, 14, 68]"
Nisha Desai,male,23B3962,7.31,CS,"[95, 9, 50, 12, 2, 82]"
Amitabh Chatterjee,male,23B3012,8.34,CS,"[72, 24, 53, 20, 8, 15]"
Sanjay Gogoi,male,23B0946,6.66,CS,"[80, 9, 84, 21, 13, 99]"
Vivek Nandan,female,23B0916,6.63,CS,"[85, 21, 85, 14, 4, 58]"
Siddharth Verma,female,23B0704,9.53,AE,"[98, 33, 68, 16, 14, 45]"
Bhavna Dasgupta,male,23B1003,8.48,AE,"[78, 22, 54, 23, 14, 45]"
Raj Solanki,male,23B3966,7.97,EN,"[83, 18, 64, 11, 16, 67]"
Aditya Mukherjee,male,23B1811,8.25,CS,"[61, 16, 78, 16, 2, 35]"
Sanya Chakraborty,male,23B1083,8.08,CS,"[73, 15, 71, 11, 12, 50]"
Sanjay Trivedi,male,23B0059,7.07,AE,"[80, 14, 74, 13, 1, 37]"
Rekha Shah,female,23B0069,7.08,CS,"[63, 24, 61, 16, 2, 63]"
Ajay Ranganathan,male,23B2160,7.36,EN,"[77, 19, 74, 10, 9, 20]"
Diya Nikam,male,23B2716,7.6,CS,"[90, 35, 90, 17, 15, 97]"
Sachin Gupta,male,23B0739,9.7,CS,"[86, 17, 97, 7, 12, 20]"
Siddhi Jain,male,23B1053,6.79,CS,"[85, 24, 78, 26, 8, 52]"
Anjali Ghosh,male,23B0073,8.47,AE,"[61, 35, 59, 11, 18, 79]"
Karan Pande,female,23B0424,8.58,AE,"[66, 18, 85, 20, 5, 81]"
Ishita Khandelwal,male,23B0937,9.81,AE,"[76, 25, 74, 10, 15, 86]"
Anushka Sharma,male,23B2462,9.06,EN,"[89, 2, 60, 12, 6, 64]"
Divya Malhotra,male,23B1201,7.35,CS,"[83, 18, 70, 21, 11, 64]"
Arjun Reddy,male,23B0048,8.94,CS,"[72, 23, 67, 18, 5, 79]"
Manish Sen,male,23B1250,6.26,AE,"[89, 23, 82, 15, 14, 0]"
Rajiv Sharma,female,23B3949,8.29,CS,"[73, 18, 63, 14, 11, 22]"
Ishita Rajput,female,23B0911,7.25,CS,"[89, 39, 82, 20, 12, 42]"
Ayesha Jain,male,23B0445,6.72,EN,"[61, 12, 79, 16, 10, 90]"
Vishal Chatterjee,male,23B3977,7.34,CS,"[78, 39, 71, 14, 15, 85]"
Harsh Nair,male,23B2223,8.13,CS,"[81, 17, 92, 18, 14, 20]"
Kritika Ghosh,male,23B0947,8.16,EN,"[73, 8, 87, 14, 11, 69]"
Akash Kumar,male,23B0301,7.66,AE,"[77, 15, 46, 18, 13, 81]"
Devansh Chakraborty,female,23B0768,9.24,CS,"[83, 20, 83, 11, 17, 42]"
Aarohi Tiwari,male,23B2406,6.76,AE,"[82, 10, 47, 9, 11, 2]"
Vishal Bhatt,male,23B1272,8.39,EN,"[71, 31, 40, 23, 12, 53]"
Anita Sethi,male,23B1506,6.73,CS,"[73, 34, 78, 14, 9, 17]"
Ramesh Singhal,female,23B0046,7.49,AE,"[78, 17, 79, 21, 6, 84]"
Rhea Jain,male,23B4238,9.25,EN,"[69, 27, 57, 12, 5, 40]"
Shreya Saxena,male,23B2419,7.27,CS,"[63, 22, 72, 7, 10, 80]"
Maya Tiwari,male,23B1296,8.0,CS,"[98, 19, 66, 24, 4, 89]"
Ayesha Rana,male,23B0679,6.1,CS,"[90, 7, 59, 16, 7, 42]"
Rhea Solanki,male,23B0067,8.3,CS,"[81, 7, 53, 15, 7, 68]"
Ritu Trivedi,female,23B0393,8.21,AE,"[85, 3, 73, 15, 5, 42]"
Sanya Gupta,female,23B0940,7.96,AE,"[87, 29, 85, 19, 12, 29]"
Saurabh Patel,male,23B2420,9.14,CS,"[66, 7, 48, 14, 0, 79]"
Shruti Khanna,male,23B1252,8.44,EN,"[80, 16, 94, 20, 11, 20]"
Diya Singh,male,23B3918,6.46,CS,"[70, 27, 59, 22, 13, 48]"
Nidhi Roy,male,23B2255,7.55,CS,"[89, 21, 90, 9, 9, 5]"
Sanya Desai,female,23B0639,7.19,AE,"[67, 22, 45, 15, 16, 72]"
Anushka Pande,male,23B2169,8.29,EN,"[86, 23, 90, 24, 17, 42]"
Kiran Kumar,male,23B0742,6.08,CS,"[96, 24, 48, 21, 4, 15]"
Anika Chawla,male,23B1076,8.7,CS,"[65, 17, 55, 10, 9, 20]"
Ayesha Verma,male,23B0666,9.57,CS,"[81, 19, 63, 21, 6, 19]"
Aarav Dubey,male,23B0908,9.09,CS,"[71, 10, 52, 18, 12, 32]"
Arnav Mathur,male,23B2421,8.3,EN,"[95, 15, 95, 15, 17, 58]"
Shruti Mishra,male,23B0998,8.6,AE,"[73, 22, 45, 20, 6, 26]"
Nikhil Sengupta,female,23B2288,6.42,CS,"[86, 11, 64, 6, 6, 23]"
Karan Gautam,male,23B1050,9.28,AE,"[89, 2, 89, 22, 11, 43]"
Kunal Gogoi,male,23B0616,6.46,CS,"[86, 35, 91, 18, 6, 74]"
Bhavna Varma,male,23B1237,7.89,CS,"[77, 32, 84, 12, 8, 55]"
Shruti Rajput,male,23B0005,9.64,AE,"[76, 27, 93, 16, 15, 80]"
Ritu Gogoi,female,23B0079,6.7,EN,"[95, 10, 80, 14, 7, 13]"
Deepak Mahajan,female,23B0011,7.93,CS,"[70, 27, 44, 14, 13, 37]"
Vikram Bhattacharya,male,23B3927,6.44,CS,"[81, 10, 95, 17, 9, 49]"
Akash Chakraborty,male,23B0949,9.66,CS,"[88, 21, 56, 13, 6, 56]"
Akash Sen,male,23B0682,6.43,CS,"[66, 25, 66, 11, 15, 14]"
Abhishek Kapoor,male,23B0345,6.36,EN,"[67, 33, 82, 10, 6, 38]"
Diya Shah,male,23B2117,9.51,AE,"[76, 15, 77, 11, 7, 50]"
Pranav Mishra,female,23B0638,8.06,CS,"[71, 17, 90, 9, 14, 78]"
Kabir Kapadia,male,23B1235,9.19,AE,"[72, 18, 57, 19, 5, 92]"
Sanya Dasgupta,male,23B2282,7.17,CS,"[88, 8, 51, 17, 3, 52]"
Simran Khanna,male,23B2465,7.9,CS,"[90, 23, 66, 18, 10, 73]"
Mohit Mishra,male,23B1278,7.11,AE,"[75, 11, 47, 12, 7, 10]"
Vikram Reddy,female,23B1052,8.39,CS,"[96, 15, 63, 14, 7, 25]"
Nisha Bhardwaj,male,23B0709,8.36,CS,"[77, 22, 83, 20, 16, 56]"
Rajesh Jha,male,23B2278,9.46,CS,"[81, 36, 78, 18, 10, 68]"
Vivek Mahajan,male,23B0997,7.31,CS,"[77, 5, 58, 7, 11, 14]"
Neha Rajput,male,23B0320,8.8,CS,"[68, 3, 77, 14, 10, 63]"
Kavya Rao,male,23B0637,9.68,CS,"[93, 21, 63, 14, 13, 43]"
Rohan Raman,male,23B3976,8.61,AE,"[75, 15, 67, 8, 8, 50]"
Kritika Gautam,female,23B0385,7.92,CS,"[78, 11, 63, 14, 13, 11]"
Bhavna Tiwari,male,23B2114,9.64,AE,"[97, 13, 63, 10, 9, 82]"
Aarav Shah,male,23B2501,8.53,CS,"[95, 13, 67, 11, 11, 16]"
Meera Sethi,male,23B2222,6.42,CS,"[83, 14, 84, 11, 10, 66]"
Karan Kapoor,female,23B2701,6.15,AE,"[66, 19, 77, 16, 15, 39]"
Ramesh Bhatia,male,23B2279,6.72,CS,"[75, 28, 49, 18, 15, 83]"
Isha Nair,male,23B0436,7.64,CS,"[73, 9, 44, 12, 15, 15]"
Amitabh Kulkarni,male,23B3018,6.18,CS,"[65, 23, 62, 18, 6, 79]"
Kritika Bhardwaj,male,23B0972,9.89,AE,"[82, 19, 74, 16, 10, 60]"
Gaurav Rao,male,23B1282,8.05,CS,"[80, 24, 87, 17, 9, 60]"
Kabir Nair,female,23B4214,7.77,EN,"[82, 29, 53, 16, 5, 30]"
Tara Gupta,male,23B4215,6.92,AE,"[71, 4, 57, 10, 15, 13]"
Rajat Chauhan,male,23B0033,7.69,AE,"[66, 3, 67, 18, 8, 13]"
Aditi Sethi,male,23B1218,8.55,CS,"[96, 18, 46, 26, 8, 36]"
Aarav Bhatt,male,23B1834,9.85,CS,"[67, 32, 79, 17, 15, 69]"
Nikhil Reddy,male,23B0931,7.27,CS,"[80, 16, 84, 18, 5, 99]"
Rohit Choudhury,male,23B1501,8.78,AE,"[79, 26, 48, 1, 9, 80]"
Lata Mishra,female,23B0990,6.17,CS,"[74, 9, 75, 17, 1, 31]"
Alka Saxena,male,23B3928,7.58,CS,"[87, 17, 80, 12, 18, 53]"
Gaurav Chakraborty,male,23B2724,9.55,CS,"[86, 15, 56, 7, 11, 4]"
Nikhil Ranganathan,male,23B0613,7.7,CS,"[67, 33, 85, 21, 9, 98]"
Siddharth Chauhan,male,23B1263,6.09,CS,"[61, 17, 63, 10, 11, 37]"
Rahul Bose,male,23B0367,8.8,EN,"[76, 11, 96, 13, 7, 55]"
Yash Mahajan,female,23B1534,9.95,AE,"[95, 27, 80, 20, 11, 17]"
Rajesh Kapoor,male,23B0901,6.09,CS,"[76, 15, 62, 8, 5, 57]"
Divya Dixit,male,23B2161,8.05,CS,"[66, 22, 65, 8, 12, 69]"
Sneha Nikam,male,23B1081,8.69,CS,"[83, 19, 62, 2, 7, 60]"
Sneha Suresh,male,23B0440,8.91,CS,"[82, 6, 68, 20, 16, 63]"
Kunal Bhatt,male,23B2227,8.79,AE,"[69, 19, 68, 12, 12, 92]"
Divya Ranganathan,female,23B0310,8.9,EN,"[70, 21, 75, 18, 15, 13]"
Ishita Joshi,male,23B0419,7.61,CS,"[90, 8, 49, 12, 6, 32]"
Divya Sen,male,23B0676,7.97,CS,"[83, 29, 58, 12, 14, 38]"
Rekha Chatterjee,male,23B0701,6.55,CS,"[60, 6, 82, 13, 12, 69]"
Kritika Mukherjee,male,23B1025,7.84,CS,"[70, 19, 83, 11, 9, 49]"
Amitabh Das,male,23B2280,8.94,AE,"[98, 28, 69, 24, 14, 9]"
Smita Rana,male,23B0973,7.49,AE,"[71, 15, 81, 12, 5, 5]"
Rakesh Rajput,female,23B2432,7.13,CS,"[82, 38, 42, 29, 16, 20]"
Kritika Mehta,female,23B0706,6.02,CS,"[81, 27, 66, 15, 12, 97]"
Vishal Mishra,male,23B0394,7.55,CS,"[81, 21, 62, 16, 11, 93]"
Sachin Trivedi,male,23B0369,7.43,CS,"[97, 28, 44, 18, 2, 33]"
Sanya Nikam,male,23B1223,9.41,AE,"[77, 14, 46, 16, 9, 38]"
Swati Bhattacharya,female,23B0665,7.99,CS,"[71, 35, 76, 17, 5, 38]"
Rahul Deshmukh,male,23B0757,6.22,CS,"[86, 8, 89, 15, 11, 26]"
Sanjay Raman,male,23B1221,6.67,CS,"[91, 21, 65, 7, 13, 69]"
Rakesh Gupta,male,23B1264,6.38,CS,"[65, 36, 80, 19, 17, 97]"
Shruti Nandan,male,23B1806,8.92,CS,"[71, 25, 80, 21, 12, 45]"
Tarun Reddy,female,23B0747,8.86,AE,"[90, 27, 64, 8, 10, 26]"
Aarohi Sood,male,23B1265,8.21,CS,"[73, 33, 82, 7, 9, 77]"
Pooja Thakur,male,23B2115,6.86,CS,"[89, 21, 74, 23, 3, 88]"
Harsh Saxena,male,23B1059,7.37,CS,"[78, 24, 93, 8, 5, 100]"
Karan Shukla,male,23B0677,6.98,CS,"[89, 35, 86, 11, 14, 54]"
Gaurav Mahajan,female,23B1064,6.46,EN,"[92, 26, 60, 11, 7, 43]"
Rakesh Vyas,male,23B0038,8.94,CS,"[82, 27, 42, 23, 10, 33]"
Kiran Singh,male,23B2731,8.39,CS,"[88, 22, 43, 10, 4, 27]"
Meera Mukherjee,male,23B1805,7.13,CS,"[91, 0, 87, 9, 14, 75]"
Anushka Kapoor,male,23B2274,8.44,CS,"[85, 3, 97, 26, 14, 88]"
Kiran Prasad,female,23B0312,6.35,ES,"[67, 20, 72, 10, 12, 58]"
Rahul Kumar,male,23B2102,7.68,EP,"[73, 25, 90, 18, 13, 56]"
Kunal Joshi,female,23B0649,8.02,EE,"[86, 20, 82, 19, 7, 40]"
Harsh Sood,male,23B0437,6.19,EE,"[80, 12, 81, 13, 9, 57]"
Ayesha Swamy,male,23B4236,6.06,EE,"[74, 11, 69, 16, 9, 12]"
Arjun Sen,male,23B2428,7.08,EE,"[88, 23, 96, 10, 11, 18]"
Nisha Bose,female,23B0758,8.09,EE,"[94, 25, 45, 9, 3, 5]"
Prakash Ranganathan,male,23B2464,8.15,EP,"[79, 7, 63, 6, 10, 56]"
Karan Sinha,male,23B0611,9.03,EC,"[96, 23, 71, 15, 8, 63]"
Sneha Bhatt,male,23B2250,7.37,EE,"[67, 29, 79, 23, 8, 55]"
Kabir Reddy,male,23B0386,9.67,EE,"[91, 9, 47, 16, 4, 88]"
Anjali Chatterjee,male,23B1810,7.16,EE,"[84, 25, 70, 19, 6, 24]"
Ishita Dubey,male,23B0907,7.65,EP,"[90, 26, 60, 14, 6, 5]"
Isha Desai,female,23B3961,9.09,ES,"[83, 17, 79, 16, 7, 64]"
Simran Pandey,male,23B1510,8.83,EC,"[80, 28, 75, 15, 11, 87]"
Kabir Pillai,male,23B0383,8.36,EE,"[83, 17, 81, 19, 9, 79]"
Siddharth Bose,male,23B2485,8.1,EE,"[76, 33, 68, 16, 4, 64]"
Rajiv Deshmukh,male,23B0047,6.92,EE,"[78, 23, 81, 19, 17, 53]"
Sanya Joshi,female,23B2258,7.46,EE,"[80, 17, 89, 18, 10, 48]"
Sonal Mathur,male,23B0063,6.06,EP,"[67, 22, 93, 17, 10, 48]"
Sachin Singhal,male,23B1225,6.98,ES,"[69, 18, 54, 18, 14, 48]"
Shruti Pillai,male,23B2178,9.28,EE,"[75, 23, 76, 24, 5, 83]"
Kabir Mishra,male,23B0447,6.33,EE,"[96, 39, 95, 17, 11, 82]"
Kavya Rajput,male,23B2717,9.98,EE,"[94, 35, 79, 18, 18, 4]"
Deepak Reddy,female,23B2447,8.78,EC,"[87, 25, 61, 18, 16, 34]"
Vikram Pandey,male,23B2173,6.61,EP,"[78, 23, 98, 10, 12, 93]"
Karan Nambiar,male,23B0372,6.61,ES,"[88, 26, 86, 22, 16, 55]"
Anushka Kapadia,male,23B0658,7.45,EE,"[81, 35, 50, 11, 13, 9]"
Rajesh Mukherjee,male,23B1204,7.17,EE,"[75, 22, 54, 20, 11, 21]"
Shruti Singh,male,23B0963,7.31,EE,"[77, 8, 94, 10, 13, 30]"
Ajay Joshi,female,23B2108,9.15,EE,"[90, 8, 77, 18, 5, 72]"
Ayesha Yadav,female,23B1056,9.63,ES,"[88, 17, 71, 16, 2, 90]"
Amitabh Bose,male,23B3001,7.84,EP,"[92, 6, 45, 14, 9, 30]"
Nisha Dasgupta,male,23B1512,6.8,EE,"[84, 23, 91, 17, 11, 66]"
Anika Bhardwaj,male,23B0922,8.58,EE,"[86, 21, 88, 9, 20, 25]"
Tarun Ranganathan,male,23B0948,6.8,EE,"[82, 20, 99, 10, 15, 74]"
Karan Saxena,female,23B2471,6.12,EE,"[96, 11, 82, 11, 15, 63]"
Karan Dubey,male,23B2517,7.54,EP,"[87, 9, 46, 7, 16, 14]"
Ajay Swamy,male,23B0365,6.46,EC,"[85, 10, 85, 14, 4, 75]"
Shreya Banerjee,male,23B2180,8.53,EE,"[89, 14, 54, 19, 14, 83]"
Divya Kapoor,male,23B2403,9.03,EE,"[82, 15, 67, 6, 7, 47]"
Nisha Kumar,male,23B1840,9.3,EE,"[82, 21, 82, 21, 10, 75]"
Yash Dubey,female,23B1049,8.84,EE,"[81, 18, 86, 22, 17, 6]"
Divya Choudhury,male,23B0702,9.57,ES,"[60, 20, 57, 8, 13, 0]"
Kartik Gupta,male,23B0404,6.11,EP,"[80, 17, 79, 14, 13, 15]"
Amitabh Sood,male,23B0913,8.01,EE,"[75, 14, 45, 10, 5, 26]"
Amitabh Tiwari,male,23B0962,6.68,EE,"[92, 33, 93, 18, 1, 86]"
Rohan Agarwal,male,23B2112,7.12,EE,"[99, 17, 77, 10, 11, 31]"
Shreya Khanna,female,23B3989,9.72,EE,"[82, 14, 42, 12, 10, 34]"
Kabir Verma,male,23B0982,6.96,ES,"[77, 37, 77, 25, 11, 40]"
Deepak Deshmukh,male,23B2234,7.12,EP,"[83, 13, 76, 20, 13, 90]"
Devansh Rana,male,23B1854,8.92,EC,"[71, 24, 67, 15, 7, 36]"
Rakesh Prasad,male,23B0328,6.28,EP,"[79, 25, 63, 17, 5, 59]"
Kabir Ranganathan,male,23B1033,8.96,EE,"[86, 27, 75, 21, 15, 67]"
Siddharth Sen,female,23B0689,6.47,EE,"[93, 6, 77, 12, 9, 69]"
Neetu Chakraborty,male,23B2294,6.45,ES,"[99, 32, 57, 13, 8, 41]"
Sanya Kumar,male,23B0926,9.14,EP,"[74, 10, 72, 14, 14, 10]"
Anjali Malhotra,male,23B0621,8.76,EC,"[91, 20, 84, 9, 15, 26]"
Rahul Agarwal,male,23B0401,9.53,EE,"[90, 15, 87, 5, 12, 63]"
Rajesh Shah,male,23B0935,8.62,EE,"[76, 25, 75, 25, 3, 61]"
Meera Dixit,female,23B0652,6.42,EE,"[90, 36, 68, 23, 13, 43]"
Amitabh Dasgupta,male,23B0007,9.92,EP,"[68, 29, 51, 19, 3, 96]"
Amitabh Agarwal,male,23B0986,7.8,EC,"[73, 4, 62, 19, 9, 23]"
Ramesh Reddy,female,23B0341,8.24,EE,"[68, 24, 89, 15, 12, 38]"
Swati Rao,male,23B0752,8.16,EE,"[100, 12, 62, 15, 13, 60]"
Nidhi Das,male,23B0334,8.49,EE,"[84, 34, 97, 17, 1, 41]"
Maya Gupta,female,23B4208,7.67,EE,"[76, 7, 46, 7, 14, 10]"
Manav Sen,male,23B0636,9.55,ES,"[65, 5, 58, 18, 5, 3]"
Kunal Mahajan,male,23B0068,8.57,EP,"[90, 4, 56, 20, 13, 44]"
Mohit Malik,male,23B2431,9.68,EE,"[65, 27, 64, 13, 1, 23]"
Pooja Mukherjee,male,23B4223,8.63,EE,"[67, 19, 81, 21, 9, 77]"
Kiran Rajput,male,23B2441,7.86,EE,"[90, 26, 86, 20, 12, 13]"
Kritika Pandey,female,23B1230,9.35,ES,"[69, 31, 74, 12, 3, 50]"
Vikram Singh,male,23B2484,8.66,EP,"[98, 14, 63, 13, 9, 12]"
Kiran Rana,male,23B2491,8.71,EE,"[86, 11, 77, 13, 14, 53]"
Naina Sen,male,23B2220,8.88,EE,"[99, 12, 41, 17, 9, 7]"
Vivek Roy,male,23B2516,7.23,EE,"[73, 4, 56, 15, 10, 46]"
Gaurav Nandan,male,23B1216,6.9,EE,"[89, 5, 84, 23, 12, 50]"
Smita Sengupta,female,23B2144,8.22,EC,"[87, 28, 75, 13, 7, 86]"
Raj Verma,male,23B2140,9.79,EP,"[88, 27, 71, 19, 3, 25]"
Rhea Mehta,male,23B2109,9.64,ES,"[85, 32, 73, 13, 8, 65]"
Manav Nair,male,23B0719,9.28,EE,"[62, 30, 58, 13, 12, 35]"
Manisha Deshmukh,male,23B0065,8.62,EE,"[66, 35, 92, 8, 13, 47]"
Neha Kulkarni,male,23B2446,8.74,EE,"[66, 9, 61, 3, 7, 35]"
Rohan Sinha,female,23B2159,6.13,ES,"[88, 17, 41, 20, 6, 42]"
Anjali Tiwari,male,23B0711,7.38,EP,"[68, 4, 70, 15, 9, 22]"
Bhavna Kumar,male,23B0075,7.61,EE,"[89, 35, 65, 9, 4, 33]"
Ramesh Trivedi,male,23B2523,6.7,EE,"[60, 38, 88, 9, 12, 46]"
Nikhil Chawla,male,23B0433,8.58,EE,"[84, 17, 71, 14, 10, 45]"
Vikas Nair,male,23B1209,9.83,EE,"[63, 28, 65, 8, 8, 46]"
Kabir Solanki,female,23B1275,7.3,EE,"[63, 14, 49, 14, 9, 21]"
Rakesh Sethi,male,23B2427,9.35,EP,"[91, 25, 66, 20, 11, 96]"
Saurabh Vyas,male,23B2120,7.44,EC,"[70, 17, 76, 18, 10, 67]"
Shruti Bhardwaj,female,23B1228,6.5,EE,"[100, 27, 52, 10, 9, 58]"
Diya Rao,male,23B0992,7.71,EE,"[72, 26, 66, 14, 11, 56]"
Nisha Agarwal,male,23B0024,9.16,EE,"[61, 7, 89, 14, 5, 16]"
Mohit Sinha,female,23B3925,6.91,EE,"[84, 14, 71, 18, 14, 20]"
Rohan Bhattacharya,male,23B3971,8.87,EP,"[90, 30, 73, 12, 14, 10]"
Divya Sengupta,male,23B0760,6.17,ES,"[84, 22, 85, 17, 2, 38]"
Rajesh Rana,male,23B1224,8.04,EC,"[92, 21, 58, 19, 13, 99]"
Ritu Rana,male,23B3007,8.72,EE,"[85, 16, 82, 13, 18, 66]"
Tara Dubey,male,23B4231,8.12,EE,"[70, 28, 83, 25, 9, 4]"
Kiran Suresh,female,23B0423,9.58,EE,"[78, 19, 82, 12, 4, 13]"
Kunal Verma,male,23B3024,8.09,EP,"[70, 28, 64, 19, 12, 31]"
Mohit Yadav,male,23B1238,9.71,ES,"[80, 11, 41, 6, 10, 89]"
Shreya Mehta,male,23B0381,8.38,EE,"[88, 22, 79, 8, 16, 22]"
Naina Karthik,male,23B3934,8.67,EE,"[91, 13, 50, 7, 2, 7]"
Rahul Raman,male,23B0974,9.13,EE,"[89, 21, 85, 21, 11, 56]"
Bhavna Malhotra,female,23B0336,6.34,EE,"[72, 18, 77, 25, 18, 47]"
Maya Deshmukh,male,23B0044,8.31,EP,"[88, 6, 71, 12, 16, 19]"
Bhavna Nandan,male,23B0435,7.72,EC,"[98, 9, 89, 10, 6, 71]"
Manisha Malik,male,23B4216,7.51,ES,"[92, 10, 44, 10, 12, 53]"
Maya Sood,male,23B3006,6.89,EE,"[82, 39, 52, 15, 4, 15]"
Rhea Shah,male,23B0715,6.79,EE,"[72, 19, 67, 8, 6, 35]"
Rakesh Malhotra,female,23B0640,8.35,EE,"[77, 14, 41, 11, 9, 84]"
Vishal Kumar,male,23B2151,9.8,EP,"[82, 39, 67, 12, 16, 36]"
Sneha Vyas,male,23B0363,8.42,ES,"[68, 18, 67, 9, 11, 33]"
Sonal Mishra,male,23B0684,9.93,EC,"[76, 18, 72, 14, 6, 53]"
Devansh Tiwari,male,23B0670,7.26,EE,"[71, 28, 73, 14, 11, 54]"
Lata Dasgupta,male,23B2172,7.26,EE,"[78, 10, 72, 10, 7, 88]"
Sanya Kapadia,female,23B2295,6.57,EE,"[88, 19, 50, 13, 16, 16]"
Shruti Sengupta,male,23B0964,6.85,EP,"[82, 17, 54, 24, 6, 21]"
Rohit Sood,female,23B2230,9.64,EE,"[80, 28, 92, 19, 17, 26]"
Ayesha Menon,male,23B1307,6.64,EE,"[65, 24, 65, 7, 6, 46]"
Smita Kumar,male,23B0975,7.16,EE,"[80, 24, 43, 11, 12, 51]"
Vikram Dixit,male,23B2194,7.62,EE,"[94, 22, 58, 21, 9, 41]"
Pooja Shah,male,23B3979,8.04,EP,"[75, 18, 84, 15, 16, 33]"
Vishal Nikam,female,23B0977,6.9,ES,"[82, 21, 77, 5, 9, 45]"
Siddhi Shah,male,23B0725,7.57,EE,"[66, 4, 72, 18, 8, 66]"
Devansh Sengupta,male,23B1038,6.42,EE,"[84, 17, 68, 19, 5, 40]"
Deepak Dasgupta,male,23B3907,6.17,EE,"[76, 35, 77, 18, 4, 49]"
Yash Bhardwaj,male,23B1522,8.81,EE,"[89, 34, 62, 8, 9, 52]"
Amitabh Mehta,female,23B4245,6.71,EP,"[98, 33, 79, 17, 4, 74]"
Akash Banerjee,male,23B0415,7.83,EE,"[74, 25, 95, 19, 10, 85]"
Sonal Trivedi,male,23B0953,6.29,EE,"[63, 21, 88, 11, 19, 35]"
Shruti Shukla,male,23B2215,6.7,EE,"[68, 4, 83, 17, 11, 81]"
Pooja Nair,male,23B1041,8.87,EE,"[91, 3, 64, 16, 1, 75]"
Karan Desai,male,23B2207,7.73,EE,"[94, 23, 59, 16, 3, 50]"
Aarav Vyas,male,23B1851,8.05,EE,"[66, 37, 84, 25, 9, 40]"
Anika Pandey,female,23B1311,9.84,EC,"[69, 18, 48, 14, 19, 0]"
Deepak Kapoor,male,23B0322,6.24,EP,"[87, 18, 60, 13, 5, 67]"
Pallavi Pillai,male,23B0696,9.86,ES,"[80, 16, 81, 13, 7, 79]"
Sanjay Ranganathan,male,23B2245,7.12,EE,"[78, 6, 61, 10, 14, 13]"
Shreya Mishra,male,23B2495,6.81,EE,"[100, 32, 47, 17, 9, 71]"
Nisha Verma,male,23B0633,6.32,EE,"[80, 8, 95, 17, 9, 39]"
Rakesh Mukherjee,female,23B1268,7.71,EE,"[82, 29, 74, 7, 7, 75]"
Devansh Sen,male,23B0039,7.71,EP,"[96, 27, 74, 13, 1, 14]"
Nidhi Chatterjee,male,23B1014,9.59,ES,"[61, 26, 94, 8, 9, 85]"
Mohit Mathur,male,23B4211,8.08,EE,"[100, 8, 78, 14, 13, 35]"
Shruti Patel,male,23B2444,7.56,EE,"[73, 14, 88, 14, 6, 22]"
Meera Yadav,male,23B2257,7.47,EE,"[86, 20, 54, 11, 12, 16]"
Manisha Nair,female,23B3988,10.0,EE,"[90, 23, 83, 15, 14, 77]"
Tara Yadav,male,23B0411,6.81,EP,"[78, 13, 62, 16, 11, 46]"
Abhishek Pillai,male,23B0651,6.83,EC,"[71, 18, 79, 14, 6, 80]"
Rahul Roy,male,23B2243,9.25,ES,"[80, 35, 58, 11, 5, 69]"
Sameer Kapoor,male,23B1821,6.39,EE,"[68, 34, 45, 13, 12, 28]"
Aditi Khandelwal,male,23B2438,7.08,EE,"[90, 21, 87, 11, 12, 57]"
Gaurav Verma,female,23B1830,8.32,EE,"[70, 17, 63, 20, 4, 90]"
Devansh Singhal,male,23B0957,6.15,EP,"[88, 23, 72, 23, 14, 94]"
Abhishek Thakur,female,23B1256,6.44,EE,"[66, 26, 94, 18, 3, 38]"
Nidhi Verma,male,23B1294,8.44,EE,"[89, 18, 74, 16, 13, 52]"
Siddhi Sinha,male,23B0620,7.07,EE,"[70, 29, 55, 14, 7, 47]"
Vikas Shukla,male,23B1303,7.0,EE,"[66, 25, 75, 9, 12, 13]"
Ayesha Kapoor,male,23B1309,8.76,EP,"[73, 18, 70, 15, 12, 11]"
Shruti Bose,male,23B1856,7.51,EC,"[94, 27, 60, 6, 6, 27]"
Rohan Kapoor,female,23B0730,7.69,ES,"[63, 10, 62, 13, 6, 54]"
Kiran Sethi,male,23B2519,7.23,EE,"[65, 22, 67, 18, 13, 25]"
Abhishek Patel,male,23B2248,9.74,EE,"[81, 30, 84, 19, 5, 82]"
Meera Nair,male,23B1310,9.97,EE,"[82, 24, 41, 19, 14, 54]"
Pallavi Roy,male,23B0942,9.88,EP,"[71, 3, 69, 10, 13, 46]"
