srNo,rollNumber,name,department,allocatedGroup,gender
1,23B3909,Rekha Sengupta,CL,S1A1,female
2,23B0976,Ramesh Sinha,CL,S1A1,male
3,23B0629,Manish Tiwari,CL,S1A1,male
4,23B3915,Maya Nair,ME,S1A1,male
5,23B2118,Abhishek Bhatia,ME,S1A1,male
6,23B0687,Rohan Dasgupta,ME,S1A1,male
7,23B0641,Maya Bhatt,CL,S1A2,female
8,23B0387,Akash Mukherjee,CL,S1A2,male
9,23B3919,Vishal Mathur,CL,S1A2,male
10,23B2452,Siddharth Joshi,ME,S1A2,male
11,23B4201,Manish Khandelwal,ME,S1A2,male
12,23B4221,Anika Dubey,ME,S1A2,male
13,23B2481,Simran Dasgupta,CL,S1A3,female
14,23B0444,Alka Nambiar,CL,S1A3,male
15,23B2157,Simran Pillai,CL,S1A3,male
16,23B1065,Swati Reddy,ME,S1A3,male
17,23B2187,Rahul Yadav,ME,S1A3,male
18,23B1054,Bhavna Kapoor,CL,S1A3,male
19,23B3957,Rekha Pillai,CL,S1A4,male
20,23B1825,Aditi Kumar,CL,S1A4,male
21,23B0303,Kunal Karthik,CL,S1A4,female
22,23B3901,Kartik Kumar,ME,S1A4,male
23,23B2276,Kabir Chawla,ME,S1A4,male
24,23B2474,Manish Sinha,ME,S1A4,male
25,23B2174,Ramesh Singh,CL,S1A5,male
26,23B1812,Sachin Desai,CL,S1A5,male
27,23B1078,Mohit Suresh,CL,S1A5,female
28,23B1842,Siddhi Singh,ME,S1A5,male
29,23B2505,Manish Sethi,ME,S1A5,male
30,23B1544,Ramesh Dutta,ME,S1A5,male
31,23B2197,Kabir Gautam,CL,S1B1,male
32,23B0003,Rahul Mahajan,CL,S1B1,male
33,23B0952,Shreya Choudhury,CL,S1B1,female
34,23B2139,Vikas Chakraborty,ME,S1B1,male
35,23B2253,Sneha Mehta,ME,S1B1,male
36,23B2719,Kunal Sood,ME,S1B1,male
37,23B0699,Tarun Raman,CL,S1B2,male
38,23B2416,Ishita Bhattacharya,CL,S1B2,male
39,23B2124,Sachin Reddy,CL,S1B2,female
40,23B1308,Arjun Desai,ME,S1B2,male
41,23B4209,Manish Das,ME,S1B2,male
42,23B1019,Kabir Menon,ME,S1B2,female
43,23B1073,Harsh Shukla,CL,S1B3,male
44,23B1008,Isha Pandey,CL,S1B3,male
45,23B1035,Anita Mathur,CL,S1B3,female
46,23B1826,Neelam Bhardwaj,ME,S1B3,male
47,23B2162,Maya Mukherjee,ME,S1B3,male
48,23B0698,Smita Menon,ME,S1B3,male
49,23B2123,Prakash Choudhury,CL,S1B4,male
50,23B1507,Pooja Khandelwal,CL,S1B4,male
51,23B2261,Meera Jha,CL,S1B4,female
52,23B0076,Ramesh Karthik,ME,S1B4,male
53,23B1242,Ramesh Malhotra,ME,S1B4,male
54,23B1069,Divya Reddy,ME,S1B4,male
55,23B3019,Prakash Vyas,CL,S1B5,male
56,23B0928,Amitabh Nambiar,CL,S1B5,male
57,23B3010,Neelam Dubey,CL,S1B5,female
58,23B0414,Sameer Mehta,ME,S1B5,male
59,23B3953,Rhea Kumar,ME,S1B5,male
60,23B0305,Siddharth Sood,ME,S1B5,male
61,23B2720,Tarun Mishra,CL,S1C1,male
62,23B0909,Arjun Suresh,CL,S1C1,male
63,23B1057,Sanjay Sen,CL,S1C1,female
64,23B1075,Sanjay Bose,ME,S1C1,male
65,23B1022,Sneha Menon,ME,S1C1,male
66,23B2510,Aditya Shukla,ME,S1C1,male
67,23B0339,Rhea Verma,CL,S1C2,male
68,23B1290,Siddhi Trivedi,CL,S1C2,male
69,23B2405,Maya Reddy,CL,S1C2,female
70,23B0043,Nisha Iyer,ME,S1C2,male
71,23B2285,Nikhil Verma,ME,S1C2,male
72,23B2457,Prakash Joshi,ME,S1C2,male
73,23B2219,Manish Ghosh,CL,S1C3,male
74,23B4227,Rakesh Gautam,CL,S1C3,male
75,23B2435,Prakash Mahajan,CL,S1C3,female
76,23B2267,Anita Agarwal,ME,S1C3,male
77,23B2493,Kabir Chakraborty,ME,S1C3,male
78,23B1288,Shruti Mukherjee,ME,S1C3,male
79,23B1012,Abhishek Raut,CL,S1C4,male
80,23B0662,Siddharth Nair,CL,S1C4,male
81,23B1243,Manisha Ranganathan,CL,S1C4,female
82,23B3938,Kartik Banerjee,ME,S1C4,male
83,23B0722,Manish Bose,ME,S1C4,male
84,23B1261,Nikhil Saxena,ME,S1C4,female
85,23B0984,Rajat Gupta,CL,S1C5,male
86,23B1505,Vikas Nikam,CL,S1C5,male
87,23B0751,Shruti Raman,CL,S1C5,female
88,23B1542,Anita Sinha,ME,S1C5,male
89,23B1210,Vivek Nair,ME,S1C5,male
90,23B2196,Yash Rana,ME,S1C5,male
91,23B2714,Nisha Deshmukh,CL,S1D1,male
92,23B0062,Ananya Rana,CL,S1D1,male
93,23B0642,Kunal Chatterjee,CL,S1D1,female
94,23B2401,Rohit Dutta,ME,S1D1,male
95,23B2710,Harsh Malhotra,ME,S1D1,male
96,23B0392,Aditi Saxena,ME,S1D1,male
97,23B1525,Ritu Mathur,CL,S1D2,male
98,23B0618,Aditya Reddy,CL,S1D2,male
99,23B2477,Rajiv Khandelwal,CL,S1D2,female
100,23B0017,Aditi Pande,ME,S1D2,male
101,23B0406,Anita Bose,ME,S1D2,male
102,23B0041,Riya Sen,ME,S1D2,male
103,23B2106,Tara Vyas,CL,S1D3,male
104,23B2287,Simran Swamy,CL,S1D3,male
105,23B0749,Vikas Dixit,CL,S1D3,female
106,23B0026,Ramesh Kapadia,ME,S1D3,male
107,23B0371,Maya Mahajan,ME,S1D3,male
108,23B4205,Aditi Jha,ME,S1D3,male
109,23B2711,Vishal Joshi,CL,S1D4,male
110,23B1249,Sanya Ghosh,CL,S1D4,male
111,23B1270,Divya Iyer,CL,S1D4,female
112,23B1060,Manisha Verma,ME,S1D4,male
113,23B0443,Aditi Joshi,ME,S1D4,male
114,23B1233,Vikram Trivedi,ME,S1D4,male
115,23B0001,Nisha Jha,CL,S1D5,male
116,23B0967,Rajat Kulkarni,CL,S1D5,male
117,23B1046,Neelam Bhatia,CL,S1D5,female
118,23B2409,Sanjay Bhatia,ME,S1D5,male
119,23B2217,Pooja Agarwal,ME,S1D5,male
120,23B1219,Simran Kulkarni,ME,S1D5,male
121,23B0678,Bhavna Pande,CL,S1E1,male
122,23B0958,Vikram Desai,CL,S1E1,male
123,23B2497,Amitabh Sethi,CL,S1E1,female
124,23B0410,Lata Deshmukh,ME,S1E1,male
125,23B1817,Ramesh Jha,ME,S1E1,male
126,23B4218,Rohit Saxena,ME,S1E1,female
127,23B2468,Riya Reddy,CL,S1E2,male
128,23B3026,Pooja Malik,CL,S1E2,male
129,23B2150,Amitabh Mishra,CL,S1E2,female
130,23B0309,Lata Karthik,ME,S1E2,male
131,23B1848,Saurabh Saxena,ME,S1E2,male
132,23B1277,Tanvi Menon,ME,S1E2,male
133,23B0364,Ananya Mathur,CL,S1E3,male
134,23B0358,Kabir Mathur,CL,S1E3,male
135,23B2147,Aditi Nair,CL,S1E3,female
136,23B0340,Smita Saxena,ME,S1E3,male
137,23B2213,Siddhi Chauhan,ME,S1E3,male
138,23B1031,Smita Chauhan,ME,S1E3,male
139,23B3908,Pooja Vyas,CL,S1E4,male
140,23B0910,Ayesha Pandey,CL,S1E4,male
141,23B1260,Sameer Tiwari,CL,S1E4,female
142,23B0624,Sanjay Mehta,ME,S1E4,male
143,23B0344,Priya Mukherjee,ME,S1E4,male
144,23B0422,Arnav Vyas,ME,S1E4,male
145,23B0430,Diya Mathur,CL,S1E5,male
146,23B0707,Sanya Khanna,CL,S1E5,male
147,23B1045,Akash Kapadia,CL,S1E5,female
148,23B2137,Nisha Mathur,ME,S1E5,male
149,23B0359,Pranav Sen,ME,S1E5,male
150,23B3003,Vishal Prasad,ME,S1E5,male
151,23B3025,Tanvi Chakraborty,CL,S1F1,male
152,23B0904,Ishita Bhatt,CL,S1F1,male
153,23B1202,Simran Roy,CL,S1F1,female
154,23B2460,Lata Gogoi,ME,S1F1,male
155,23B0657,Raj Agarwal,ME,S1F1,male
156,23B2459,Divya Bhatia,ME,S1F1,male
157,23B0614,Vikas Naidu,CL,S1F2,male
158,23B3032,Naina Reddy,CL,S1F2,male
159,23B1540,Rakesh Sengupta,CL,S1F2,female
160,23B2200,Kartik Reddy,ME,S1F2,male
161,23B1018,Rekha Banerjee,ME,S1F2,male
162,23B2469,Manish Yadav,ME,S1F2,male
163,23B2266,Siddharth Saxena,CL,S1F3,male
164,23B2453,Maya Dasgupta,CL,S1F3,male
165,23B0314,Anjali Kumar,CL,S1F3,female
166,23B0348,Naina Tiwari,ME,S1F3,male
167,23B3004,Shreya Joshi,ME,S1F3,male
168,23B1048,Anita Rana,ME,S1F3,female
169,23B1280,Rekha Mehta,MM,S2A1,female
170,23B2490,Ajay Trivedi,CE,S2A1,male
171,23B0307,Karan Sharma,MM,S2A1,male
172,23B1312,Anika Raut,CE,S2A1,male
173,23B0379,Vikas Jha,CE,S2A1,male
174,23B2721,Akash Bhatt,MM,S2A1,male
175,23B0686,Shruti Swamy,MM,S2A2,female
176,23B1815,Saurabh Kapadia,CE,S2A2,male
177,23B0326,Nisha Gautam,MM,S2A2,male
178,23B0714,Aditi Agarwal,CE,S2A2,male
179,23B0403,Raj Bhardwaj,CE,S2A2,male
180,23B0064,Nidhi Sen,CE,S2A2,male
181,23B1803,Isha Vyas,CE,S2A3,female
182,23B2509,Rajesh Yadav,MM,S2A3,male
183,23B1513,Ananya Tiwari,MM,S2A3,male
184,23B3990,Vikas Kumar,CE,S2A3,male
185,23B1283,Rohit Patel,CE,S2A3,male
186,23B2264,Rajesh Nair,MM,S2A3,male
187,23B2402,Diya Raman,MM,S2A4,female
188,23B2167,Sonal Dubey,CE,S2A4,male
189,23B1001,Anita Nair,MM,S2A4,male
190,23B1034,Neha Jha,CE,S2A4,male
191,23B3916,Gaurav Joshi,CE,S2A4,male
192,23B3016,Saurabh Joshi,CE,S2A4,male
193,23B2241,Ishita Roy,MM,S2A5,female
194,23B2228,Aarav Deshmukh,CE,S2A5,male
195,23B1061,Ritu Khanna,MM,S2A5,male
196,23B2269,Nisha Chakraborty,CE,S2A5,male
197,23B0302,Gaurav Pandey,CE,S2A5,male
198,23B0040,Karan Nair,MM,S2A5,male
199,23B1247,Deepak Swamy,CE,S2B1,female
200,23B4233,Kiran Sengupta,CE,S2B1,female
201,23B1015,Amitabh Gogoi,MM,S2B1,male
202,23B0674,Maya Sinha,MM,S2B1,male
203,23B1058,Nisha Pillai,CE,S2B1,male
204,23B1829,Sanjay Sengupta,CE,S2B1,male
205,23B0951,Sanjay Mathur,CE,S2B2,female
206,23B0338,Rahul Singh,MM,S2B2,male
207,23B0607,Sneha Banerjee,MM,S2B2,male
208,23B0671,Rajesh Chauhan,CE,S2B2,male
209,23B2504,Pallavi Rana,CE,S2B2,male
210,23B2247,Raj Shukla,MM,S2B2,male
211,23B2256,Riya Khandelwal,MM,S2B3,female
212,23B0053,Maya Solanki,CE,S2B3,male
213,23B1205,Arnav Chakraborty,MM,S2B3,male
214,23B1536,Ananya Dutta,CE,S2B3,male
215,23B1820,Diya Solanki,CE,S2B3,male
216,23B2733,Aditi Nikam,MM,S2B3,male
217,23B0042,Ritu Patel,MM,S2B4,female
218,23B0617,Ramesh Solanki,CE,S2B4,male
219,23B2116,Vishal Sengupta,MM,S2B4,male
220,23B1077,Shreya Chakraborty,CE,S2B4,male
221,23B1300,Bhavna Menon,CE,S2B4,male
222,23B0031,Pallavi Malhotra,MM,S2B4,male
223,23B1043,Pooja Bose,MM,S2C1,female
224,23B0770,Aditya Yadav,CE,S2C1,male
225,23B0960,Manisha Yadav,CE,S2C1,male
226,23B0377,Siddhi Sen,MM,S2C1,male
227,23B2511,Vivek Chakraborty,CE,S2C1,male
228,23B3008,Neetu Bhardwaj,CE,S2C1,male
229,23B1802,Nikhil Gupta,MM,S2C2,female
230,23B0426,Smita Mathur,CE,S2C2,male
231,23B0673,Siddharth Dixit,CE,S2C2,male
232,23B2183,Rohan Rao,MM,S2C2,male
233,23B2713,Naina Bose,CE,S2C2,male
234,23B0646,Sachin Kapadia,MM,S2C2,male
235,23B1232,Sanya Naidu,CE,S2C3,female
236,23B1818,Meera Swamy,CE,S2C3,female
237,23B1206,Yash Joshi,MM,S2C3,male
238,23B1849,Siddhi Solanki,CE,S2C3,male
239,23B1524,Maya Dubey,MM,S2C3,male
240,23B2442,Tanvi Gautam,CE,S2C3,male
241,23B2426,Prakash Rajput,CE,S2C4,female
242,23B0769,Manish Nair,MM,S2C4,male
243,23B0603,Shruti Joshi,CE,S2C4,male
244,23B2423,Siddharth Iyer,MM,S2C4,male
245,23B4212,Abhishek Yadav,CE,S2C4,male
246,23B2404,Anika Gautam,MM,S2C4,male
247,23B0434,Tara Rajput,MM,S2D1,female
248,23B0965,Kabir Gupta,CE,S2D1,male
249,23B2532,Nidhi Bhattacharya,CE,S2D1,male
250,23B0724,Nisha Ranganathan,MM,S2D1,male
251,23B0991,Rohan Thakur,CE,S2D1,male
252,23B0018,Pranav Dutta,MM,S2D1,male
253,23B0343,Manish Kapadia,CE,S2D2,female
254,23B0927,Rajesh Dubey,MM,S2D2,male
255,23B0351,Neelam Solanki,CE,S2D2,male
256,23B0996,Anushka Banerjee,MM,S2D2,male
257,23B0405,Meera Sen,CE,S2D2,male
258,23B4241,Neetu Mukherjee,MM,S2D2,male
259,23B0717,Rajesh Sood,CE,S2D3,female
260,23B0427,Rajesh Banerjee,MM,S2D3,male
261,23B1285,Meera Khanna,CE,S2D3,male
262,23B1538,Rohan Nandan,MM,S2D3,male
263,23B3974,Nidhi Patel,CE,S2D3,male
264,23B2475,Yash Nandan,MM,S2D3,male
265,23B2480,Karan Kapadia,CE,S2D4,female
266,23B2437,Rohan Ranganathan,MM,S2D4,male
267,23B1084,Saurabh Raut,CE,S2D4,male
268,23B0072,Kiran Ranganathan,MM,S2D4,male
269,23B3936,Nikhil Nandan,CE,S2D4,male
270,23B0993,Rajat Bhattacharya,MM,S2D4,male
271,23B1855,Abhishek Nair,CE,S2E1,female
272,23B2499,Sanjay Reddy,CE,S2E1,female
273,23B0023,Vishal Pande,MM,S2E1,male
274,23B2236,Pallavi Ghosh,CE,S2E1,male
275,23B1071,Rhea Chakraborty,MM,S2E1,male
276,23B2439,Tarun Malik,CE,S2E1,male
277,23B1291,Nikhil Chakraborty,MM,S2E2,female
278,23B0380,Sameer Dixit,CE,S2E2,male
279,23B2718,Anjali Deshmukh,CE,S2E2,male
280,23B2130,Swati Nambiar,MM,S2E2,male
281,23B2440,Ajay Malhotra,CE,S2E2,male
282,23B0432,Tara Banerjee,MM,S2E2,male
283,23B0753,Alka Reddy,CE,S2E3,female
284,23B1070,Manav Kumar,MM,S2E3,male
285,23B0332,Deepak Solanki,CE,S2E3,male
286,23B0318,Ananya Sharma,MM,S2E3,male
287,23B0416,Sanjay Kapoor,CE,S2E3,male
288,23B1208,Nikhil Mahajan,CE,S2E3,male
289,23B0081,Shreya Raut,MM,S2E4,female
290,23B2522,Maya Raut,CE,S2E4,male
291,23B1861,Anita Chauhan,CE,S2E4,male
292,23B0650,Divya Nandan,MM,S2E4,male
293,23B1838,Manav Chakraborty,CE,S2E4,male
294,23B2259,Rakesh Rana,MM,S2E4,male
295,23B1823,Ananya Nandan,CE,S2F1,male
296,23B2286,Rohan Sen,CE,S2F1,female
297,23B0037,Sneha Chatterjee,MM,S2F1,male
298,23B1535,Rahul Thakur,CE,S2F1,male
299,23B1229,Devansh Banerjee,MM,S2F1,male
300,23B0750,Aditya Jain,CE,S2F1,male
301,23B4220,Shreya Trivedi,MM,S2F2,female
302,23B3002,Meera Rana,CE,S2F2,male
303,23B2272,Kabir Sood,CE,S2F2,male
304,23B0685,Yash Sinha,MM,S2F2,male
305,23B2706,Ananya Dixit,CE,S2F2,male
306,23B0971,Siddharth Shukla,MM,S2F2,male
307,23B2528,Meera Gautam,CE,S2F3,female
308,23B0956,Devansh Dutta,MM,S2F3,female
309,23B0057,Kiran Pande,CE,S2F3,male
310,23B3017,Vikas Das,CE,S2F3,male
311,23B0316,Sanjay Gupta,MM,S2F3,male
312,23B0050,Anika Kulkarni,CE,S2F3,male
313,23B0979,Divya Verma,CE,S2F4,female
314,23B1521,Kavya Suresh,MM,S2F4,male
315,23B2527,Sachin Joshi,CE,S2F4,male
316,23B0663,Nisha Dixit,MM,S2F4,male
317,23B0413,Karan Menon,CE,S2F4,male
318,23B2524,Amitabh Gautam,MM,S2F4,male
319,23B1274,Tara Patel,CS,S3A1,female
320,23B3981,Ishita Kumar,AE,S3A1,male
321,23B0728,Sanjay Bhattacharya,CS,S3A1,male
322,23B2503,Harsh Jha,CS,S3A1,male
323,23B1835,Rhea Nambiar,CS,S3A1,male
324,23B1508,Deepak Patel,CH,S3A1,male
325,23B3959,Vivek Varma,CH,S3A2,male
326,23B0612,Maya Sharma,CS,S3A2,female
327,23B0919,Ramesh Das,AE,S3A2,male
328,23B2205,Ishita Mathur,AE,S3A2,male
329,23B0968,Siddharth Choudhury,EN,S3A2,male
330,23B3955,Neelam Sinha,CS,S3A2,male
331,23B0921,Anushka Mukherjee,CS,S3A3,female
332,23B0917,Tanvi Nandan,AE,S3A3,male
333,23B2512,Isha Chawla,EN,S3A3,male
334,23B2237,Rajesh Pandey,CS,S3A3,male
335,23B2232,Swati Pande,CS,S3A3,male
336,23B1226,Shruti Solanki,CH,S3A3,male
337,23B1306,Kavya Vyas,CH,S3A4,male
338,23B1503,Rajesh Menon,CS,S3A4,female
339,23B2418,Ananya Agarwal,AE,S3A4,male
340,23B1258,Mohit Gogoi,AE,S3A4,male
341,23B2703,Shruti Chatterjee,EN,S3A4,male
342,23B0955,Tara Raut,CS,S3A4,male
343,23B3943,Rajat Swamy,CS,S3A5,female
344,23B0080,Sanya Sood,AE,S3A5,male
345,23B0727,Diya Kumar,CS,S3A5,male
346,23B0915,Kritika Nambiar,CS,S3A5,male
347,23B1543,Ajay Jha,CS,S3A5,male
348,23B2185,Swati Vyas,CH,S3A5,male
349,23B3023,Priya Shukla,CH,S3B1,male
350,23B1305,Kiran Khanna,CS,S3B1,female
351,23B2103,Sonal Chakraborty,AE,S3B1,male
352,23B0723,Nidhi Mishra,AE,S3B1,male
353,23B0627,Shruti Ghosh,EN,S3B1,male
354,23B0066,Aarav Varma,CS,S3B1,male
355,23B1284,Harsh Karthik,AE,S3B2,male
356,23B2723,Vikram Patel,EN,S3B2,male
357,23B0654,Kartik Verma,CS,S3B2,male
358,23B4202,Aditi Iyer,CS,S3B2,male
359,23B2211,Siddhi Kapoor,CS,S3B2,male
360,23B2221,Arnav Mehta,CH,S3B2,female
361,23B4247,Ayesha Mukherjee,CH,S3B3,female
362,23B2707,Kiran Dubey,AE,S3B3,female
363,23B1287,Vikram Roy,AE,S3B3,male
364,23B0361,Rohan Shah,EN,S3B3,male
365,23B1257,Ajay Nair,CS,S3B3,male
366,23B1021,Vivek Bhattacharya,CS,S3B3,male
367,23B0994,Kabir Rao,CS,S3B4,female
368,23B2152,Sanjay Naidu,EN,S3B4,male
369,23B3963,Rajat Malik,CS,S3B4,male
370,23B1518,Ritu Pandey,CS,S3B4,male
371,23B0746,Deepak Dixit,CS,S3B4,male
372,23B2489,Aditi Bhardwaj,CH,S3B4,male
373,23B3965,Devansh Menon,AE,S3C1,female
374,23B2508,Anika Khanna,CH,S3C1,male
375,23B2488,Rakesh Nandan,AE,S3C1,male
376,23B2284,Karan Bose,EN,S3C1,male
377,23B3905,Alka Naidu,CS,S3C1,male
378,23B1074,Simran Iyer,CS,S3C1,male
379,23B2141,Maya Varma,CS,S3C2,female
380,23B2529,Aarohi Pande,AE,S3C2,male
381,23B2479,Sachin Pande,CS,S3C2,male
382,23B0028,Rajesh Roy,CS,S3C2,male
383,23B1259,Pallavi Banerjee,CS,S3C2,male
384,23B3929,Siddharth Ghosh,CH,S3C2,male
385,23B0615,Arjun Mathur,CS,S3C3,male
386,23B1515,Manisha Singh,CH,S3C3,male
387,23B0683,Kiran Nair,AE,S3C3,male
388,23B0731,Sachin Mehta,AE,S3C3,male
389,23B1241,Amitabh Saxena,CS,S3C3,female
390,23B0362,Rhea Sethi,EN,S3C3,male
391,23B1528,Sameer Iyer,EN,S3C4,male
392,23B0051,Anushka Bhatt,CS,S3C4,male
393,23B1040,Rohan Solanki,CS,S3C4,male
394,23B0980,Vivek Pandey,CS,S3C4,male
395,23B3964,Gaurav Patel,CS,S3C4,male
396,23B2158,Mohit Mukherjee,CH,S3C4,female
397,23B0647,Raj Varma,CH,S3D1,female
398,23B2525,Swati Nair,AE,S3D1,female
399,23B0390,Yash Jha,AE,S3D1,male
400,23B2238,Sameer Nair,EN,S3D1,male
401,23B4213,Anushka Chatterjee,CS,S3D1,male
402,23B0396,Raj Swamy,CS,S3D1,male
403,23B1044,Tara Mathur,CS,S3D2,female
404,23B0690,Ritu Singhal,AE,S3D2,male
405,23B0995,Nikhil Agarwal,CS,S3D2,male
406,23B3930,Sneha Joshi,CS,S3D2,male
407,23B1266,Smita Tiwari,CS,S3D2,male
408,23B3926,Karan Bhatt,CH,S3D2,male
409,23B2128,Rajesh Solanki,CS,S3D3,female
410,23B2513,Rohit Rana,CH,S3D3,male
411,23B4228,Rohit Joshi,AE,S3D3,male
412,23B0021,Pallavi Sharma,AE,S3D3,male
413,23B0918,Arnav Khanna,EN,S3D3,male
414,23B1295,Rajesh Naidu,CS,S3D3,male
415,23B2121,Naina Sethi,CS,S3D4,female
416,23B4219,Raj Pillai,AE,S3D4,male
417,23B3942,Prakash Varma,CS,S3D4,male
418,23B2410,Nisha Bhatia,CS,S3D4,male
419,23B0941,Neha Chatterjee,CS,S3D4,male
420,23B1837,Meera Agarwal,CH,S3D4,male
421,23B1526,Rhea Menon,AE,S3D5,female
422,23B1026,Manav Bhatt,CH,S3D5,male
423,23B2275,Anushka Naidu,AE,S3D5,male
424,23B1253,Deepak Rajput,CS,S3D5,female
425,23B3015,Neha Patel,EN,S3D5,male
426,23B1516,Vikas Khandelwal,CS,S3D5,male
427,23B2470,Mohit Raman,AE,S3E1,female
428,23B0602,Karan Naidu,EN,S3E1,male
429,23B0631,Meera Chatterjee,CS,S3E1,male
430,23B2203,Manish Chawla,CS,S3E1,male
431,23B2136,Abhishek Sen,CS,S3E1,male
432,23B2131,Abhishek Joshi,CH,S3E1,male
433,23B3987,Amitabh Desai,CS,S3E2,female
434,23B2271,Meera Sood,AE,S3E2,male
435,23B0325,Sanjay Malik,CH,S3E2,male
436,23B0323,Arjun Gautam,AE,S3E2,male
437,23B1804,Tara Iyer,EN,S3E2,male
438,23B1269,Rajat Joshi,CS,S3E2,male
439,23B2260,Alka Deshmukh,AE,S3E3,male
440,23B2142,Tarun Agarwal,CS,S3E3,male
441,23B2235,Vikas Sengupta,CS,S3E3,male
442,23B0712,Manav Kulkarni,CS,S3E3,male
443,23B3982,Kavya Kumar,CS,S3E3,male
444,23B2251,Isha Nambiar,CH,S3E3,female
445,23B0078,Sanjay Yadav,CH,S3E4,female
446,23B0368,Abhishek Bhardwaj,CS,S3E4,female
447,23B0733,Aarav Khanna,AE,S3E4,male
448,23B0764,Harsh Gautam,AE,S3E4,male
449,23B0408,Priya Raut,EN,S3E4,male
450,23B4229,Rahul Dutta,CS,S3E4,male
451,23B0311,Rekha Gogoi,CS,S3E5,female
452,23B2146,Arjun Chawla,AE,S3E5,male
453,23B0903,Lata Gupta,CS,S3E5,male
454,23B0016,Priya Varma,CS,S3E5,male
455,23B1002,Amitabh Patel,CS,S3E5,male
456,23B1010,Prakash Verma,CH,S3E5,male
457,23B1844,Yash Kulkarni,AE,S3F1,female
458,23B0743,Tanvi Ranganathan,CH,S3F1,male
459,23B0356,Aarohi Dubey,AE,S3F1,male
460,23B2135,Sameer Malhotra,EN,S3F1,female
461,23B0634,Sachin Singh,CS,S3F1,male
462,23B0734,Aditya Kapoor,CS,S3F1,male
463,23B2119,Meera Gogoi,CS,S3F2,female
464,23B1828,Kunal Pillai,EN,S3F2,male
465,23B2297,Shreya Kulkarni,CS,S3F2,male
466,23B1231,Abhishek Gautam,CS,S3F2,male
467,23B0397,Lata Thakur,CS,S3F2,male
468,23B2430,Meera Chauhan,CH,S3F2,male
469,23B0384,Manish Mathur,AE,S3F3,male
470,23B3906,Neha Mehta,CS,S3F3,female
471,23B1532,Anjali Bhattacharya,CH,S3F3,male
472,23B1299,Nidhi Gogoi,AE,S3F3,male
473,23B0389,Divya Thakur,EN,S3F3,male
474,23B3940,Rajesh Gupta,CS,S3F3,male
475,23B2226,Yash Reddy,AE,S3F4,male
476,23B3921,Arjun Varma,EN,S3F4,female
477,23B2127,Priya Dutta,CS,S3F4,male
478,23B1240,Nisha Menon,CS,S3F4,male
479,23B0442,Karan Nandan,CS,S3F4,male
480,23B3972,Pranav Reddy,CH,S3F4,male
481,23B1813,Aarav Saxena,CH,S3F5,female
482,23B1853,Pooja Bhattacharya,CS,S3F5,female
483,23B2433,Pranav Menon,AE,S3F5,male
484,23B0933,Pooja Deshmukh,AE,S3F5,male
485,23B1809,Naina Dutta,EN,S3F5,male
486,23B3952,Ramesh Mukherjee,CS,S3F5,male
487,23B0002,Riya Saxena,ES,S4A1,male
488,23B4226,Maya Pandey,EC,S4A1,female
489,23B2289,Rajesh Sethi,EP,S4A1,male
490,23B0934,Neelam Swamy,EE,S4A1,male
491,23B0438,Karan Vyas,EE,S4A1,male
492,23B0045,Rekha Yadav,EE,S4A1,male
493,23B2408,Devansh Karthik,EP,S4A2,female
494,23B0929,Ritu Das,ES,S4A2,male
495,23B3911,Simran Prasad,EC,S4A2,male
496,23B1251,Sameer Yadav,EE,S4A2,male
497,23B1066,Pranav Dubey,EE,S4A2,male
498,23B0606,Alka Singhal,EE,S4A2,male
499,23B1839,Rakesh Thakur,EE,S4A3,female
500,23B1042,Kartik Dubey,ES,S4A3,male
501,23B2709,Shreya Dasgupta,EP,S4A3,male
502,23B0446,Pallavi Choudhury,EE,S4A3,male
503,23B0661,Devansh Das,EE,S4A3,male
504,23B2133,Pooja Yadav,EE,S4A3,male
505,23B1068,Pallavi Gogoi,EE,S4A4,female
506,23B1016,Yash Vyas,ES,S4A4,male
507,23B1523,Smita Iyer,EP,S4A4,male
508,23B0738,Mohit Nikam,EC,S4A4,male
509,23B0352,Anita Sen,EE,S4A4,male
510,23B1846,Rahul Nikam,EE,S4A4,male
511,23B1039,Shruti Singhal,EE,S4A5,female
512,23B2239,Sonal Sharma,EP,S4A5,male
513,23B0342,Rekha Sood,EC,S4A5,male
514,23B0669,Nisha Trivedi,EE,S4A5,female
515,23B1009,Meera Das,EE,S4A5,male
516,23B0943,Shruti Dasgupta,EE,S4A5,male
517,23B1293,Alka Nikam,EP,S4B1,female
518,23B2482,Neelam Jain,ES,S4B1,male
519,23B0055,Rohan Kulkarni,EC,S4B1,male
520,23B2156,Anjali Dasgupta,EE,S4B1,male
521,23B1215,Meera Varma,EE,S4B1,male
522,23B1286,Saurabh Raman,EE,S4B1,male
523,23B3922,Alka Banerjee,ES,S4B2,female
524,23B0337,Sameer Karthik,EP,S4B2,male
525,23B3935,Prakash Bhatia,EE,S4B2,male
526,23B3984,Deepak Sharma,EE,S4B2,male
527,23B2254,Karan Reddy,EE,S4B2,male
528,23B1085,Kartik Joshi,EE,S4B2,male
529,23B2233,Nikhil Chauhan,ES,S4B3,male
530,23B1082,Isha Sharma,EE,S4B3,female
531,23B1062,Harsh Kumar,EP,S4B3,male
532,23B2190,Akash Das,EC,S4B3,male
533,23B0635,Prakash Sood,EE,S4B3,male
534,23B3973,Siddharth Khandelwal,EE,S4B3,male
535,23B1276,Anjali Sengupta,EP,S4B4,female
536,23B3956,Divya Vyas,ES,S4B4,male
537,23B0660,Gaurav Raman,EC,S4B4,male
538,23B3913,Manisha Rana,EE,S4B4,male
539,23B2290,Riya Malhotra,EE,S4B4,male
540,23B0659,Divya Mathur,EE,S4B4,male
541,23B1527,Prakash Das,EE,S4C1,female
542,23B3980,Manish Shukla,EP,S4C1,male
543,23B3945,Kavya Joshi,EE,S4C1,female
544,23B3933,Sanjay Pande,EE,S4C1,male
545,23B0034,Nisha Rajput,EE,S4C1,male
546,23B2429,Arnav Joshi,EE,S4C1,male
547,23B0400,Sanjay Das,ES,S4C2,male
548,23B0721,Aarav Bhattacharya,EE,S4C2,female
549,23B1072,Prakash Sen,EP,S4C2,male
550,23B3948,Gaurav Thakur,EC,S4C2,male
551,23B0767,Deepak Nair,EE,S4C2,male
552,23B2466,Nidhi Suresh,EE,S4C2,male
553,23B0022,Sanya Thakur,ES,S4C3,male
554,23B1509,Ananya Deshmukh,EE,S4C3,female
555,23B1023,Neha Chakraborty,EP,S4C3,male
556,23B3903,Deepak Joshi,EC,S4C3,male
557,23B2201,Rekha Dixit,EE,S4C3,male
558,23B1234,Rohit Menon,EE,S4C3,male
559,23B2473,Rohit Mukherjee,ES,S4C4,male
560,23B2530,Kartik Mishra,EE,S4C4,female
561,23B0981,Rajesh Ghosh,EP,S4C4,male
562,23B2448,Deepak Rana,EC,S4C4,male
563,23B3924,Harsh Thakur,EE,S4C4,male
564,23B2202,Aditi Dubey,EE,S4C4,male
565,23B0074,Shreya Dubey,EE,S4C5,female
566,23B2186,Shruti Thakur,ES,S4C5,male
567,23B0308,Ayesha Khanna,EP,S4C5,male
568,23B1207,Smita Nair,EE,S4C5,male
569,23B0601,Aarav Malik,EE,S4C5,male
570,23B0983,Siddharth Dutta,EE,S4C5,male
571,23B0710,Manisha Kumar,EP,S4D1,female
572,23B2132,Rajesh Reddy,EP,S4D1,female
573,23B0029,Rajesh Joshi,EC,S4D1,male
574,23B0736,Nidhi Reddy,EE,S4D1,male
575,23B1832,Arjun Pillai,EE,S4D1,male
576,23B1217,Swati Kapadia,EE,S4D1,male
577,23B2502,Tarun Dixit,ES,S4D2,male
578,23B0030,Tara Saxena,EE,S4D2,female
579,23B2732,Lata Malhotra,EP,S4D2,male
580,23B2208,Vishal Varma,EC,S4D2,male
581,23B2105,Amitabh Malik,EE,S4D2,male
582,23B0020,Rakesh Shah,EE,S4D2,male
583,23B1239,Rahul Ranganathan,EP,S4D3,female
584,23B2734,Prakash Jain,ES,S4D3,male
585,23B0644,Saurabh Sen,EC,S4D3,male
586,23B2434,Lata Malik,EE,S4D3,male
587,23B4224,Nisha Dutta,EE,S4D3,male
588,23B3031,Manisha Nandan,EE,S4D3,male
589,23B0412,Riya Sethi,EE,S4D4,female
590,23B2168,Swati Sinha,ES,S4D4,male
591,23B0399,Kabir Sen,EP,S4D4,male
592,23B2145,Anjali Naidu,EE,S4D4,male
593,23B2515,Siddhi Bose,EE,S4D4,male
594,23B2240,Isha Singhal,EE,S4D4,male
595,23B2216,Arjun Sethi,EC,S4D5,female
596,23B3034,Naina Pande,ES,S4D5,male
597,23B2729,Smita Singh,EP,S4D5,male
598,23B0010,Sameer Shah,EE,S4D5,male
599,23B0763,Amitabh Thakur,EE,S4D5,male
600,23B1244,Aditya Choudhury,EE,S4D5,male
601,23B2292,Priya Rajput,EP,S4E1,female
602,23B2122,Abhishek Kapadia,EE,S4E1,female
603,23B1013,Isha Mukherjee,EE,S4E1,male
604,23B0985,Raj Patel,EE,S4E1,male
605,23B0375,Divya Prasad,EE,S4E1,male
606,23B1814,Kartik Jha,EE,S4E1,male
607,23B2521,Meera Joshi,EP,S4E2,female
608,23B2494,Bhavna Singhal,ES,S4E2,male
609,23B0718,Kritika Kumar,EE,S4E2,male
610,23B2166,Pooja Gogoi,EE,S4E2,male
611,23B4240,Kartik Bhattacharya,EE,S4E2,male
612,23B2242,Kavya Bhardwaj,EE,S4E2,male
613,23B0327,Neetu Kumar,EE,S4E3,female
614,23B0648,Deepak Sinha,ES,S4E3,male
615,23B0920,Tarun Swamy,EP,S4E3,male
616,23B3014,Yash Raman,EC,S4E3,male
617,23B4225,Ajay Sen,EE,S4E3,male
618,23B2148,Ayesha Ghosh,EE,S4E3,male
619,23B2705,Kartik Shah,EC,S4E4,female
620,23B3985,Priya Mahajan,ES,S4E4,male
621,23B0429,Tarun Singh,EP,S4E4,male
622,23B0015,Priya Singhal,EE,S4E4,male
623,23B0319,Pooja Rana,EE,S4E4,male
624,23B0726,Ramesh Dixit,EE,S4E4,male
625,23B0930,Saurabh Verma,EE,S4E5,female
626,23B3923,Aditya Chauhan,ES,S4E5,male
627,23B0989,Naina Nair,EP,S4E5,male
628,23B2520,Rohan Swamy,EE,S4E5,male
629,23B0693,Riya Mukherjee,EE,S4E5,male
630,23B3937,Manish Kulkarni,EE,S4E5,male
631,23B2101,Arjun Ghosh,EP,S4F1,female
632,23B2179,Anushka Patel,EC,S4F1,male
633,23B1827,Siddharth Pillai,EE,S4F1,female
634,23B1055,Ritu Khandelwal,EE,S4F1,male
635,23B1006,Manish Saxena,EE,S4F1,male
636,23B0716,Vishal Sood,EE,S4F1,male
637,23B1236,Rajat Pillai,EC,S4F2,female
638,23B0912,Nikhil Dixit,ES,S4F2,male
639,23B1539,Rakesh Jha,EP,S4F2,male
640,23B0425,Ananya Raut,EE,S4F2,male
641,23B0366,Kabir Kumar,EE,S4F2,male
642,23B2231,Deepak Vyas,EE,S4F2,male
643,23B0004,Aditya Trivedi,EE,S4F3,female
644,23B0695,Alka Dutta,ES,S4F3,male
645,23B2268,Divya Tiwari,EP,S4F3,male
646,23B1841,Kritika Sengupta,EE,S4F3,male
647,23B1546,Anushka Sen,EE,S4F3,male
648,23B0355,Rekha Chakraborty,EE,S4F3,male
649,23B2111,Sneha Rajput,ES,S4F4,female
650,23B2218,Gaurav Sharma,EP,S4F4,male
651,23B0754,Mohit Joshi,EC,S4F4,male
652,23B0741,Isha Chatterjee,EE,S4F4,male
653,23B3917,Vikram Gautam,EE,S4F4,male
654,23B2506,Aarav Mathur,EE,S4F4,male
655,23B0700,Raj Prasad,EE,S4F5,female
656,23B2483,Siddhi Nair,ES,S4F5,male
657,23B0388,Amitabh Pandey,EP,S4F5,male
658,23B0939,Kabir Malhotra,EC,S4F5,male
659,23B0609,Aditi Kulkarni,EE,S4F5,male
660,23B3033,Anjali Bhardwaj,EE,S4F5,male
661,23B1000,Neetu Nambiar,CL,S5A1,male
662,23B0703,Tarun Vyas,CL,S5A1,male
663,23B1833,Kartik Bhatia,ME,S5A1,female
664,23B2110,Neelam Chawla,ME,S5A1,male
665,23B0418,Meera Pillai,ME,S5A1,male
666,23B2263,Aditi Sharma,ME,S5A1,male
667,23B1297,Vikas Nandan,CL,S5A2,male
668,23B0329,Karan Dixit,CL,S5A2,male
669,23B2277,Aarohi Joshi,ME,S5A2,female
670,23B0944,Ramesh Thakur,ME,S5A2,male
671,23B1036,Arjun Iyer,ME,S5A2,male
672,23B1203,Rhea Rana,ME,S5A2,male
673,23B2138,Aarav Das,CL,S5A3,male
674,23B0054,Kabir Gogoi,CL,S5A3,male
675,23B3944,Abhishek Roy,ME,S5A3,female
676,23B2414,Tarun Jain,ME,S5A3,male
677,23B2195,Alka Ranganathan,ME,S5A3,male
678,23B0347,Tarun Mukherjee,ME,S5A3,male
679,23B0608,Abhishek Sethi,CL,S5A4,male
680,23B0766,Aditya Malik,CL,S5A4,male
681,23B1245,Diya Nair,ME,S5A4,female
682,23B2725,Devansh Gogoi,ME,S5A4,male
683,23B0954,Anika Mukherjee,ME,S5A4,male
684,23B3975,Raj Ranganathan,ME,S5A4,male
685,23B0441,Nisha Karthik,CL,S5B1,male
686,23B0049,Arnav Banerjee,CL,S5B1,male
687,23B2184,Amitabh Bhatt,ME,S5B1,female
688,23B3932,Nidhi Chawla,ME,S5B1,male
689,23B1028,Akash Khandelwal,ME,S5B1,male
690,23B2449,Sanjay Nandan,ME,S5B1,male
691,23B0409,Rohit Gautam,CL,S5B2,male
692,23B0978,Lata Bose,CL,S5B2,male
693,23B2526,Rakesh Ranganathan,ME,S5B2,female
694,23B1027,Gaurav Ghosh,ME,S5B2,male
695,23B2514,Swati Menon,ME,S5B2,male
696,23B1847,Neha Nambiar,ME,S5B2,male
697,23B4232,Anita Yadav,CL,S5B3,male
698,23B3954,Aarohi Chakraborty,CL,S5B3,male
699,23B2487,Rajat Naidu,ME,S5B3,female
700,23B1047,Neha Mukherjee,ME,S5B3,male
701,23B2209,Arnav Sen,ME,S5B3,male
702,23B0936,Lata Bhatia,ME,S5B3,female
703,23B0428,Harsh Sharma,CL,S5B4,male
704,23B3028,Sachin Khandelwal,CL,S5B4,male
705,23B0014,Siddhi Raut,ME,S5B4,female
706,23B0071,Ramesh Shah,ME,S5B4,male
707,23B0694,Naina Rao,ME,S5B4,male
708,23B1011,Rohan Singh,ME,S5B4,male
709,23B0321,Kartik Mukherjee,CL,S5B5,male
710,23B0027,Nisha Choudhury,CL,S5B5,male
711,23B2107,Ananya Desai,ME,S5B5,female
712,23B3013,Vikas Saxena,ME,S5B5,male
713,23B1214,Rajiv Dasgupta,ME,S5B5,male
714,23B2456,Neetu Singhal,ME,S5C1,male
715,23B3986,Ritu Verma,CL,S5C1,male
716,23B0680,Manav Singhal,CL,S5C1,male
717,23B2507,Kartik Naidu,ME,S5C1,female
718,23B0304,Tarun Pandey,ME,S5C1,male
719,23B0672,Kunal Kumar,ME,S5C1,male
720,23B2728,Raj Khanna,CL,S5C2,male
721,23B0628,Anika Desai,CL,S5C2,male
722,23B0645,Rohit Sethi,ME,S5C2,female
723,23B0655,Sneha Chawla,ME,S5C2,male
724,23B2533,Neha Verma,ME,S5C2,male
725,23B3983,Anika Roy,ME,S5C2,male
726,23B0070,Kritika Naidu,CL,S5C3,male
727,23B1531,Manav Reddy,CL,S5C3,male
728,23B3022,Nisha Joshi,ME,S5C3,female
729,23B1032,Sachin Malik,ME,S5C3,male
730,23B0643,Kabir Saxena,ME,S5C3,male
731,23B0373,Kabir Suresh,ME,S5C3,male
732,23B4207,Anita Mahajan,CL,S5C4,male
733,23B2265,Sanjay Suresh,CL,S5C4,male
734,23B2154,Pallavi Khanna,ME,S5C4,female
735,23B3920,Kiran Chawla,ME,S5C4,male
736,23B2244,Meera Kulkarni,ME,S5C4,male
737,23B0999,Ishita Pande,ME,S5C4,male
738,23B0755,Lata Prasad,CL,S5C5,male
739,23B2478,Rekha Vyas,CL,S5C5,male
740,23B4239,Divya Joshi,ME,S5C5,female
741,23B2476,Rohit Swamy,ME,S5C5,male
742,23B0331,Tarun Bhattacharya,ME,S5C5,male
743,23B0421,Isha Shukla,ME,S5C5,female
744,23B2291,Rajesh Nandan,CL,S5D1,male
745,23B3914,Tara Reddy,CL,S5D1,male
746,23B3946,Manisha Sengupta,ME,S5D1,female
747,23B0966,Karan Sethi,ME,S5D1,male
748,23B1080,Gaurav Mukherjee,ME,S5D1,male
749,23B0610,Saurabh Bhatt,ME,S5D1,male
750,23B1859,Kritika Sinha,CL,S5D2,male
751,23B0691,Meera Nambiar,CL,S5D2,male
752,23B0622,Tara Dixit,ME,S5D2,female
753,23B2193,Pooja Saxena,ME,S5D2,male
754,23B3991,Divya Pandey,ME,S5D2,male
755,23B3030,Isha Kumar,ME,S5D2,male
756,23B0681,Ajay Gupta,CL,S5D3,male
757,23B0932,Rajesh Bhatia,CL,S5D3,male
758,23B0961,Pranav Nambiar,ME,S5D3,female
759,23B2199,Devansh Khanna,ME,S5D3,male
760,23B4206,Diya Reddy,ME,S5D3,male
761,23B2486,Alka Pillai,ME,S5D3,male
762,23B0009,Siddharth Pande,CL,S5D4,male
763,23B0317,Manish Dubey,CL,S5D4,male
764,23B0420,Rajesh Suresh,ME,S5D4,female
765,23B2496,Meera Vyas,ME,S5D4,male
766,23B2155,Divya Varma,ME,S5D4,male
767,23B1520,Lata Chauhan,ME,S5D4,male
768,23B3910,Divya Menon,CL,S5D5,male
769,23B1819,Alka Kumar,CL,S5D5,male
770,23B3035,Aditi Rana,ME,S5D5,female
771,23B1857,Anika Jha,ME,S5D5,male
772,23B0664,Sonal Solanki,ME,S5D5,male
773,23B1824,Anjali Verma,ME,S5D5,male
774,23B0925,Neha Bhatt,CL,S5E1,male
775,23B4246,Tanvi Choudhury,CL,S5E1,male
776,23B4204,Devansh Suresh,ME,S5E1,female
777,23B1222,Neelam Tiwari,ME,S5E1,male
778,23B3939,Rajesh Nikam,ME,S5E1,male
779,23B3931,Pooja Reddy,ME,S5E1,male
780,23B0969,Kiran Mahajan,CL,S5E2,male
781,23B3027,Abhishek Tiwari,CL,S5E2,male
782,23B1067,Akash Pandey,ME,S5E2,female
783,23B1517,Kunal Dixit,ME,S5E2,male
784,23B0720,Kavya Mahajan,ME,S5E2,male
785,23B2104,Kiran Tiwari,ME,S5E2,female
786,23B0604,Kunal Dutta,CL,S5E3,male
787,23B0744,Aditi Singh,CL,S5E3,male
788,23B3950,Karan Rana,ME,S5E3,female
789,23B2175,Raj Mukherjee,ME,S5E3,male
790,23B2436,Anika Nair,ME,S5E3,male
791,23B1816,Shruti Nikam,ME,S5E3,male
792,23B2204,Anushka Chawla,CL,S5E4,male
793,23B2170,Rhea Bhatia,CL,S5E4,male
794,23B1801,Simran Desai,ME,S5E4,female
795,23B0761,Isha Dubey,ME,S5E4,male
796,23B1004,Simran Agarwal,ME,S5E4,male
797,23B3005,Neelam Kapadia,ME,S5E4,male
798,23B1845,Meera Nikam,CL,S5E5,male
799,23B0771,Pallavi Verma,CL,S5E5,male
800,23B1541,Rahul Sethi,ME,S5E5,female
801,23B0765,Kiran Shah,ME,S5E5,male
802,23B1248,Neetu Mathur,ME,S5E5,male
803,23B2214,Sanya Pande,ME,S5E5,male
804,23B2407,Anushka Reddy,CL,S5F1,male
805,23B1220,Manav Vyas,CL,S5F1,male
806,23B2443,Aditya Mehta,ME,S5F1,female
807,23B2153,Sameer Joshi,ME,S5F1,male
808,23B0745,Gaurav Banerjee,ME,S5F1,male
809,23B2181,Neha Dutta,ME,S5F1,male
810,23B2165,Akash Kapoor,CL,S5F2,male
811,23B0623,Rhea Bhatt,CL,S5F2,male
812,23B0619,Lata Das,ME,S5F2,female
813,23B2461,Siddhi Joshi,ME,S5F2,male
814,23B1051,Shruti Varma,ME,S5F2,male
815,23B0762,Ananya Reddy,ME,S5F2,male
816,23B2129,Kritika Verma,CL,S5F3,male
817,23B2704,Sneha Dixit,CL,S5F3,male
818,23B0060,Ajay Bhattacharya,ME,S5F3,female
819,23B0330,Neetu Chatterjee,ME,S5F3,male
820,23B0729,Diya Gupta,ME,S5F3,male
821,23B1029,Anita Chakraborty,ME,S5F3,male
822,23B2458,Prakash Dubey,CL,S5F4,male
823,23B0945,Siddhi Vyas,CL,S5F4,male
824,23B2229,Aarohi Singh,ME,S5F4,female
825,23B0333,Amitabh Reddy,ME,S5F4,female
826,23B2212,Bhavna Bhardwaj,ME,S5F4,male
827,23B1843,Karan Deshmukh,CL,S5F4,male
828,23B0713,Kavya Desai,CL,S5F5,male
829,23B0708,Ajay Kumar,CL,S5F5,male
830,23B1267,Aarav Karthik,CL,S5F5,male
831,23B0902,Naina Prasad,ME,S5F5,female
832,23B2163,Amitabh Raman,ME,S5F5,male
833,23B3969,Akash Mishra,ME,S5F5,male
834,23B1289,Maya Naidu,MM,S6A1,female
835,23B2191,Nidhi Ranganathan,CE,S6A1,male
836,23B1850,Simran Deshmukh,CE,S6A1,male
837,23B2126,Divya Roy,MM,S6A1,male
838,23B1519,Anushka Bhattacharya,CE,S6A1,male
839,23B0632,Isha Pande,CE,S6A1,male
840,23B1255,Pranav Sinha,MM,S6A2,female
841,23B0077,Smita Agarwal,CE,S6A2,male
842,23B0402,Diya Pande,CE,S6A2,male
843,23B2500,Pallavi Varma,MM,S6A2,male
844,23B2445,Rekha Malhotra,CE,S6A2,male
845,23B3960,Bhavna Das,MM,S6A2,male
846,23B2726,Abhishek Kumar,CE,S6A3,female
847,23B1836,Anita Choudhury,MM,S6A3,male
848,23B0382,Shreya Chatterjee,CE,S6A3,male
849,23B0950,Pallavi Malik,MM,S6A3,male
850,23B4230,Divya Rana,CE,S6A3,male
851,23B3968,Neetu Dasgupta,MM,S6A3,male
852,23B0740,Nikhil Kumar,CE,S6A4,female
853,23B0692,Tara Chatterjee,MM,S6A4,male
854,23B0035,Shruti Reddy,CE,S6A4,male
855,23B0924,Meera Nandan,MM,S6A4,male
856,23B1502,Sanjay Nambiar,CE,S6A4,male
857,23B1313,Isha Joshi,MM,S6A4,male
858,23B2149,Neetu Nair,CE,S6B1,female
859,23B0431,Karan Trivedi,MM,S6B1,female
860,23B2225,Alka Patel,CE,S6B1,male
861,23B1822,Sameer Malik,CE,S6B1,male
862,23B0605,Raj Nair,MM,S6B1,male
863,23B1279,Sneha Iyer,CE,S6B1,male
864,23B1254,Maya Mishra,CE,S6B2,female
865,23B1537,Amitabh Bhardwaj,MM,S6B2,male
866,23B1292,Deepak Rao,CE,S6B2,male
867,23B0008,Tanvi Mukherjee,MM,S6B2,male
868,23B1020,Meera Bhatia,CE,S6B2,male
869,23B0315,Vivek Jha,MM,S6B2,male
870,23B0938,Raj Dutta,CE,S6B3,female
871,23B2411,Akash Chauhan,MM,S6B3,male
872,23B4234,Anita Raman,CE,S6B3,male
873,23B2176,Sonal Pande,MM,S6B3,male
874,23B3912,Neelam Yadav,CE,S6B3,male
875,23B2467,Swati Choudhury,CE,S6B3,male
876,23B0625,Sneha Agarwal,CE,S6B4,female
877,23B2192,Simran Jain,MM,S6B4,male
878,23B0398,Manav Chauhan,CE,S6B4,male
879,23B2224,Kritika Kapadia,MM,S6B4,male
880,23B0032,Divya Swamy,CE,S6B4,male
881,23B0735,Rahul Pillai,MM,S6B4,male
882,23B3021,Aditi Pandey,CE,S6B5,female
883,23B2252,Simran Sengupta,MM,S6B5,male
884,23B1511,Sanjay Mishra,CE,S6B5,male
885,23B3978,Anushka Verma,MM,S6B5,male
886,23B3029,Bhavna Banerjee,CE,S6B5,male
887,23B0357,Shreya Khandelwal,MM,S6B5,male
888,23B0058,Karan Patel,CE,S6C1,female
889,23B0970,Kiran Roy,MM,S6C1,male
890,23B1211,Sachin Shukla,CE,S6C1,male
891,23B1852,Pooja Solanki,MM,S6C1,male
892,23B1246,Akash Gautam,CE,S6C1,male
893,23B3967,Meera Suresh,MM,S6C1,male
894,23B0439,Kritika Singh,CE,S6C2,female
895,23B0350,Sameer Pillai,CE,S6C2,female
896,23B1024,Ajay Dubey,MM,S6C2,male
897,23B0737,Nisha Kulkarni,CE,S6C2,male
898,23B2206,Rajesh Pillai,MM,S6C2,male
899,23B2293,Rajat Bose,CE,S6C2,male
900,23B0052,Pranav Kapadia,MM,S6C3,female
901,23B0626,Harsh Gupta,CE,S6C3,male
902,23B0374,Nisha Tiwari,CE,S6C3,male
903,23B4235,Siddhi Pandey,MM,S6C3,male
904,23B3951,Kabir Rana,MM,S6C3,male
905,23B2164,Naina Mahajan,CE,S6C3,male
906,23B0905,Siddhi Chakraborty,CE,S6C4,female
907,23B0036,Simran Saxena,MM,S6C4,male
908,23B0349,Swati Solanki,CE,S6C4,male
909,23B1007,Divya Dasgupta,MM,S6C4,male
910,23B0407,Amitabh Swamy,CE,S6C4,male
911,23B0705,Vikas Gupta,CE,S6C4,male
912,23B2463,Lata Jain,MM,S6D1,female
913,23B0914,Vivek Kumar,CE,S6D1,male
914,23B2472,Priya Prasad,CE,S6D1,male
915,23B0675,Sneha Varma,MM,S6D1,male
916,23B0759,Aditi Khanna,CE,S6D1,male
917,23B1030,Deepak Bose,MM,S6D1,male
918,23B1302,Ramesh Menon,MM,S6D2,female
919,23B2498,Karan Nikam,CE,S6D2,male
920,23B1504,Siddharth Varma,CE,S6D2,male
921,23B2424,Devansh Pillai,MM,S6D2,male
922,23B3020,Nidhi Bhatt,CE,S6D2,male
923,23B2722,Simran Raman,MM,S6D2,male
924,23B1037,Vishal Menon,CE,S6D3,female
925,23B2177,Diya Singhal,MM,S6D3,male
926,23B2455,Maya Mehta,CE,S6D3,male
927,23B1079,Amitabh Suresh,MM,S6D3,male
928,23B3970,Raj Kapoor,CE,S6D3,male
929,23B0335,Alka Shukla,MM,S6D3,male
930,23B4217,Manisha Dutta,CE,S6D4,female
931,23B1860,Vishal Reddy,CE,S6D4,female
932,23B0376,Nisha Varma,MM,S6D4,male
933,23B1271,Priya Sethi,CE,S6D4,male
934,23B1533,Sneha Mishra,MM,S6D4,male
935,23B1808,Sanjay Menon,CE,S6D4,male
936,23B0056,Abhishek Malik,MM,S6E1,female
937,23B1514,Amitabh Banerjee,CE,S6E1,male
938,23B0748,Sanjay Banerjee,CE,S6E1,male
939,23B1213,Anika Banerjee,MM,S6E1,male
940,23B2249,Anjali Singhal,CE,S6E1,male
941,23B0324,Arnav Dixit,MM,S6E1,male
942,23B3958,Nikhil Gogoi,CE,S6E2,female
943,23B0353,Nisha Malik,MM,S6E2,male
944,23B4203,Alka Vyas,CE,S6E2,male
945,23B2281,Diya Pandey,MM,S6E2,male
946,23B1017,Sanjay Sinha,CE,S6E2,male
947,23B0012,Raj Choudhury,CE,S6E2,male
948,23B2188,Vivek Dasgupta,MM,S6E3,female
949,23B1298,Nikhil Prasad,CE,S6E3,male
950,23B0370,Tara Kumar,CE,S6E3,male
951,23B0656,Meera Rao,MM,S6E3,male
952,23B0025,Sonal Dasgupta,CE,S6E3,male
953,23B3009,Raj Mehta,MM,S6E3,male
954,23B2412,Rakesh Saxena,CE,S6E4,female
955,23B0019,Meera Prasad,MM,S6E4,male
956,23B2189,Divya Bose,CE,S6E4,male
957,23B0988,Vikas Choudhury,MM,S6E4,male
958,23B0417,Naina Rajput,CE,S6E4,male
959,23B0923,Divya Shah,CE,S6E4,male
960,23B1227,Nidhi Kapadia,MM,S6F1,female
961,23B2492,Raj Nandan,CE,S6F1,male
962,23B2171,Nidhi Deshmukh,CE,S6F1,male
963,23B2415,Lata Kulkarni,MM,S6F1,male
964,23B2451,Vikas Reddy,MM,S6F1,male
965,23B3902,Rajesh Verma,CE,S6F1,male
966,23B0987,Siddharth Chakraborty,MM,S6F2,female
967,23B2262,Rahul Sharma,CE,S6F2,female
968,23B1529,Siddhi Sengupta,CE,S6F2,male
969,23B1858,Pranav Chawla,CE,S6F2,male
970,23B2531,Arjun Bhattacharya,MM,S6F2,male
971,23B4210,Aarohi Trivedi,CE,S6F2,male
972,23B0354,Priya Chauhan,CE,S6F3,female
973,23B0378,Aarav Mehta,MM,S6F3,male
974,23B2413,Mohit Jain,CE,S6F3,male
975,23B1807,Shreya Shah,MM,S6F3,male
976,23B0346,Neetu Bhatia,MM,S6F3,male
977,23B2270,Saurabh Roy,CE,S6F3,male
978,23B4222,Shruti Agarwal,MM,S6F4,female
979,23B4244,Aarohi Reddy,CE,S6F4,male
980,23B0906,Amitabh Yadav,CE,S6F4,male
981,23B2518,Riya Dixit,MM,S6F4,male
982,23B2296,Rajesh Mahajan,CE,S6F4,male
983,23B3941,Rhea Dutta,MM,S6F4,male
984,23B2125,Tanvi Yadav,CS,S7A1,female
985,23B1262,Manisha Saxena,AE,S7A1,male
986,23B0732,Anjali Banerjee,EN,S7A1,male
987,23B2273,Tarun Sengupta,CS,S7A1,male
988,23B2210,Rajat Bhatt,CS,S7A1,male
989,23B2182,Sanjay Desai,CS,S7A1,male
990,23B4242,Nidhi Kapoor,EN,S7A2,male
991,23B1281,Nisha Raut,AE,S7A2,female
992,23B2283,Manish Reddy,CS,S7A2,female
993,23B2425,Divya Mahajan,AE,S7A2,male
994,23B1063,Saurabh Agarwal,EN,S7A2,male
995,23B2134,Akash Menon,CS,S7A2,male
996,23B0688,Nikhil Nambiar,AE,S7A3,female
997,23B0653,Tanvi Sen,EN,S7A3,male
998,23B2422,Shruti Suresh,CS,S7A3,male
999,23B3904,Abhishek Jain,CS,S7A3,male
1000,23B0391,Manav Gupta,CS,S7A3,male
1001,23B2454,Ramesh Bhardwaj,CS,S7A3,male
1002,23B1273,Amitabh Roy,CS,S7A4,female
1003,23B3011,Vikram Mukherjee,AE,S7A4,male
1004,23B1005,Neetu Pandey,CS,S7A4,female
1005,23B2450,Rajiv Malhotra,AE,S7A4,male
1006,23B0668,Sanjay Patel,EN,S7A4,male
1007,23B0061,Deepak Varma,CS,S7A4,male
1008,23B0697,Neetu Pillai,AE,S7A5,male
1009,23B1304,Anita Solanki,CS,S7A5,female
1010,23B1530,Ritu Naidu,EN,S7A5,male
1011,23B0395,Sachin Saxena,CS,S7A5,male
1012,23B2246,Riya Nandan,CS,S7A5,male
1013,23B1301,Divya Chatterjee,CS,S7A5,male
1014,23B0013,Divya Patel,EN,S7B1,male
1015,23B1212,Amitabh Joshi,AE,S7B1,male
1016,23B2143,Karan Sengupta,EN,S7B1,female
1017,23B2113,Vikram Thakur,AE,S7B1,male
1018,23B1545,Neetu Vyas,CS,S7B1,male
1019,23B0959,Anita Menon,CS,S7B1,male
1020,23B3947,Divya Bhattacharya,AE,S7B2,male
1021,23B0360,Ramesh Saxena,EN,S7B2,female
1022,23B0006,Neha Menon,CS,S7B2,male
1023,23B3962,Nisha Desai,CS,S7B2,male
1024,23B3012,Amitabh Chatterjee,CS,S7B2,male
1025,23B0946,Sanjay Gogoi,CS,S7B2,male
1026,23B0916,Vivek Nandan,CS,S7B3,female
1027,23B0704,Siddharth Verma,AE,S7B3,female
1028,23B1003,Bhavna Dasgupta,AE,S7B3,male
1029,23B3966,Raj Solanki,EN,S7B3,male
1030,23B1811,Aditya Mukherjee,CS,S7B3,male
1031,23B1083,Sanya Chakraborty,CS,S7B3,male
1032,23B0059,Sanjay Trivedi,AE,S7B4,male
1033,23B0069,Rekha Shah,CS,S7B4,female
1034,23B2160,Ajay Ranganathan,EN,S7B4,male
1035,23B2716,Diya Nikam,CS,S7B4,male
1036,23B0739,Sachin Gupta,CS,S7B4,male
1037,23B1053,Siddhi Jain,CS,S7B4,male
1038,23B0073,Anjali Ghosh,AE,S7B5,male
1039,23B0424,Karan Pande,AE,S7B5,female
1040,23B0937,Ishita Khandelwal,AE,S7B5,male
1041,23B2462,Anushka Sharma,EN,S7B5,male
1042,23B1201,Divya Malhotra,CS,S7B5,male
1043,23B0048,Arjun Reddy,CS,S7B5,male
1044,23B1250,Manish Sen,AE,S7C1,male
1045,23B3949,Rajiv Sharma,CS,S7C1,female
1046,23B0911,Ishita Rajput,CS,S7C1,female
1047,23B0445,Ayesha Jain,EN,S7C1,male
1048,23B3977,Vishal Chatterjee,CS,S7C1,male
1049,23B2223,Harsh Nair,CS,S7C1,male
1050,23B0947,Kritika Ghosh,EN,S7C2,male
1051,23B0301,Akash Kumar,AE,S7C2,male
1052,23B0768,Devansh Chakraborty,CS,S7C2,female
1053,23B2406,Aarohi Tiwari,AE,S7C2,male
1054,23B1272,Vishal Bhatt,EN,S7C2,male
1055,23B1506,Anita Sethi,CS,S7C2,male
1056,23B0046,Ramesh Singhal,AE,S7C3,female
1057,23B4238,Rhea Jain,EN,S7C3,male
1058,23B2419,Shreya Saxena,CS,S7C3,male
1059,23B1296,Maya Tiwari,CS,S7C3,male
1060,23B0679,Ayesha Rana,CS,S7C3,male
1061,23B0067,Rhea Solanki,CS,S7C3,male
1062,23B0393,Ritu Trivedi,AE,S7C4,female
1063,23B0940,Sanya Gupta,AE,S7C4,female
1064,23B2420,Saurabh Patel,CS,S7C4,male
1065,23B1252,Shruti Khanna,EN,S7C4,male
1066,23B3918,Diya Singh,CS,S7C4,male
1067,23B2255,Nidhi Roy,CS,S7C4,male
1068,23B0639,Sanya Desai,AE,S7C5,female
1069,23B2169,Anushka Pande,EN,S7C5,male
1070,23B0742,Kiran Kumar,CS,S7C5,male
1071,23B1076,Anika Chawla,CS,S7C5,male
1072,23B0666,Ayesha Verma,CS,S7C5,male
1073,23B0908,Aarav Dubey,CS,S7C5,male
1074,23B2421,Arnav Mathur,EN,S7D1,male
1075,23B0998,Shruti Mishra,AE,S7D1,male
1076,23B2288,Nikhil Sengupta,CS,S7D1,female
1077,23B1050,Karan Gautam,AE,S7D1,male
1078,23B0616,Kunal Gogoi,CS,S7D1,male
1079,23B1237,Bhavna Varma,CS,S7D1,male
1080,23B0005,Shruti Rajput,AE,S7D2,male
1081,23B0079,Ritu Gogoi,EN,S7D2,female
1082,23B0011,Deepak Mahajan,CS,S7D2,female
1083,23B3927,Vikram Bhattacharya,CS,S7D2,male
1084,23B0949,Akash Chakraborty,CS,S7D2,male
1085,23B0682,Akash Sen,CS,S7D2,male
1086,23B0345,Abhishek Kapoor,EN,S7D3,male
1087,23B2117,Diya Shah,AE,S7D3,male
1088,23B0638,Pranav Mishra,CS,S7D3,female
1089,23B1235,Kabir Kapadia,AE,S7D3,male
1090,23B2282,Sanya Dasgupta,CS,S7D3,male
1091,23B2465,Simran Khanna,CS,S7D3,male
1092,23B1278,Mohit Mishra,AE,S7D4,male
1093,23B1052,Vikram Reddy,CS,S7D4,female
1094,23B0709,Nisha Bhardwaj,CS,S7D4,male
1095,23B2278,Rajesh Jha,CS,S7D4,male
1096,23B0997,Vivek Mahajan,CS,S7D4,male
1097,23B0320,Neha Rajput,CS,S7D4,male
1098,23B0637,Kavya Rao,CS,S7E1,male
1099,23B3976,Rohan Raman,AE,S7E1,male
1100,23B0385,Kritika Gautam,CS,S7E1,female
1101,23B2114,Bhavna Tiwari,AE,S7E1,male
1102,23B2501,Aarav Shah,CS,S7E1,male
1103,23B2222,Meera Sethi,CS,S7E1,male
1104,23B2701,Karan Kapoor,AE,S7E2,female
1105,23B2279,Ramesh Bhatia,CS,S7E2,male
1106,23B0436,Isha Nair,CS,S7E2,male
1107,23B3018,Amitabh Kulkarni,CS,S7E2,male
1108,23B0972,Kritika Bhardwaj,AE,S7E2,male
1109,23B1282,Gaurav Rao,CS,S7E2,male
1110,23B4214,Kabir Nair,EN,S7E3,female
1111,23B4215,Tara Gupta,AE,S7E3,male
1112,23B0033,Rajat Chauhan,AE,S7E3,male
1113,23B1218,Aditi Sethi,CS,S7E3,male
1114,23B1834,Aarav Bhatt,CS,S7E3,male
1115,23B0931,Nikhil Reddy,CS,S7E3,male
1116,23B1501,Rohit Choudhury,AE,S7E4,male
1117,23B0990,Lata Mishra,CS,S7E4,female
1118,23B3928,Alka Saxena,CS,S7E4,male
1119,23B2724,Gaurav Chakraborty,CS,S7E4,male
1120,23B0613,Nikhil Ranganathan,CS,S7E4,male
1121,23B1263,Siddharth Chauhan,CS,S7E4,male
1122,23B0367,Rahul Bose,EN,S7E5,male
1123,23B1534,Yash Mahajan,AE,S7E5,female
1124,23B0901,Rajesh Kapoor,CS,S7E5,male
1125,23B2161,Divya Dixit,CS,S7E5,male
1126,23B1081,Sneha Nikam,CS,S7E5,male
1127,23B0440,Sneha Suresh,CS,S7F1,male
1128,23B2227,Kunal Bhatt,AE,S7F1,male
1129,23B0310,Divya Ranganathan,EN,S7F1,female
1130,23B0419,Ishita Joshi,CS,S7F1,male
1131,23B0676,Divya Sen,CS,S7F1,male
1132,23B0701,Rekha Chatterjee,CS,S7F1,male
1133,23B1025,Kritika Mukherjee,CS,S7F2,male
1134,23B2280,Amitabh Das,AE,S7F2,male
1135,23B0973,Smita Rana,AE,S7F2,male
1136,23B2432,Rakesh Rajput,CS,S7F2,female
1137,23B0706,Kritika Mehta,CS,S7F2,female
1138,23B0394,Vishal Mishra,CS,S7F2,male
1139,23B0369,Sachin Trivedi,CS,S7F3,male
1140,23B1223,Sanya Nikam,AE,S7F3,male
1141,23B0665,Swati Bhattacharya,CS,S7F3,female
1142,23B0757,Rahul Deshmukh,CS,S7F3,male
1143,23B1221,Sanjay Raman,CS,S7F3,male
1144,23B1264,Rakesh Gupta,CS,S7F3,male
1145,23B1806,Shruti Nandan,CS,S7F4,male
1146,23B0747,Tarun Reddy,AE,S7F4,female
1147,23B1265,Aarohi Sood,CS,S7F4,male
1148,23B2115,Pooja Thakur,CS,S7F4,male
1149,23B1059,Harsh Saxena,CS,S7F4,male
1150,23B0677,Karan Shukla,CS,S7F4,male
1151,23B1064,Gaurav Mahajan,EN,S7F5,female
1152,23B0038,Rakesh Vyas,CS,S7F5,male
1153,23B2731,Kiran Singh,CS,S7F5,male
1154,23B1805,Meera Mukherjee,CS,S7F5,male
1155,23B2274,Anushka Kapoor,CS,S7F5,male
1156,23B0312,Kiran Prasad,ES,S8A1,female
1157,23B2102,Rahul Kumar,EP,S8A1,male
1158,23B0649,Kunal Joshi,EE,S8A1,female
1159,23B0437,Harsh Sood,EE,S8A1,male
1160,23B4236,Ayesha Swamy,EE,S8A1,male
1161,23B2428,Arjun Sen,EE,S8A1,male
1162,23B0758,Nisha Bose,EE,S8A2,female
1163,23B2464,Prakash Ranganathan,EP,S8A2,male
1164,23B0611,Karan Sinha,EC,S8A2,male
1165,23B2250,Sneha Bhatt,EE,S8A2,male
1166,23B0386,Kabir Reddy,EE,S8A2,male
1167,23B1810,Anjali Chatterjee,EE,S8A2,male
1168,23B0907,Ishita Dubey,EP,S8A3,male
1169,23B3961,Isha Desai,ES,S8A3,female
1170,23B1510,Simran Pandey,EC,S8A3,male
1171,23B0383,Kabir Pillai,EE,S8A3,male
1172,23B2485,Siddharth Bose,EE,S8A3,male
1173,23B0047,Rajiv Deshmukh,EE,S8A3,male
1174,23B2258,Sanya Joshi,EE,S8A4,female
1175,23B0063,Sonal Mathur,EP,S8A4,male
1176,23B1225,Sachin Singhal,ES,S8A4,male
1177,23B2178,Shruti Pillai,EE,S8A4,male
1178,23B0447,Kabir Mishra,EE,S8A4,male
1179,23B2717,Kavya Rajput,EE,S8A4,male
1180,23B2447,Deepak Reddy,EC,S8B1,female
1181,23B2173,Vikram Pandey,EP,S8B1,male
1182,23B0372,Karan Nambiar,ES,S8B1,male
1183,23B0658,Anushka Kapadia,EE,S8B1,male
1184,23B1204,Rajesh Mukherjee,EE,S8B1,male
1185,23B0963,Shruti Singh,EE,S8B1,male
1186,23B2108,Ajay Joshi,EE,S8B2,female
1187,23B1056,Ayesha Yadav,ES,S8B2,female
1188,23B3001,Amitabh Bose,EP,S8B2,male
1189,23B1512,Nisha Dasgupta,EE,S8B2,male
1190,23B0922,Anika Bhardwaj,EE,S8B2,male
1191,23B0948,Tarun Ranganathan,EE,S8B2,male
1192,23B2471,Karan Saxena,EE,S8B3,female
1193,23B2517,Karan Dubey,EP,S8B3,male
1194,23B0365,Ajay Swamy,EC,S8B3,male
1195,23B2180,Shreya Banerjee,EE,S8B3,male
1196,23B2403,Divya Kapoor,EE,S8B3,male
1197,23B1840,Nisha Kumar,EE,S8B3,male
1198,23B1049,Yash Dubey,EE,S8B4,female
1199,23B0702,Divya Choudhury,ES,S8B4,male
1200,23B0404,Kartik Gupta,EP,S8B4,male
1201,23B0913,Amitabh Sood,EE,S8B4,male
1202,23B0962,Amitabh Tiwari,EE,S8B4,male
1203,23B2112,Rohan Agarwal,EE,S8B4,male
1204,23B3989,Shreya Khanna,EE,S8B5,female
1205,23B0982,Kabir Verma,ES,S8B5,male
1206,23B2234,Deepak Deshmukh,EP,S8B5,male
1207,23B1854,Devansh Rana,EC,S8B5,male
1208,23B0328,Rakesh Prasad,EP,S8B5,male
1209,23B1033,Kabir Ranganathan,EE,S8B5,male
1210,23B0689,Siddharth Sen,EE,S8C1,female
1211,23B2294,Neetu Chakraborty,ES,S8C1,male
1212,23B0926,Sanya Kumar,EP,S8C1,male
1213,23B0621,Anjali Malhotra,EC,S8C1,male
1214,23B0401,Rahul Agarwal,EE,S8C1,male
1215,23B0935,Rajesh Shah,EE,S8C1,male
1216,23B0652,Meera Dixit,EE,S8C2,female
1217,23B0007,Amitabh Dasgupta,EP,S8C2,male
1218,23B0986,Amitabh Agarwal,EC,S8C2,male
1219,23B0341,Ramesh Reddy,EE,S8C2,female
1220,23B0752,Swati Rao,EE,S8C2,male
1221,23B0334,Nidhi Das,EE,S8C2,male
1222,23B4208,Maya Gupta,EE,S8C3,female
1223,23B0636,Manav Sen,ES,S8C3,male
1224,23B0068,Kunal Mahajan,EP,S8C3,male
1225,23B2431,Mohit Malik,EE,S8C3,male
1226,23B4223,Pooja Mukherjee,EE,S8C3,male
1227,23B2441,Kiran Rajput,EE,S8C3,male
1228,23B1230,Kritika Pandey,ES,S8C4,female
1229,23B2484,Vikram Singh,EP,S8C4,male
1230,23B2491,Kiran Rana,EE,S8C4,male
1231,23B2220,Naina Sen,EE,S8C4,male
1232,23B2516,Vivek Roy,EE,S8C4,male
1233,23B1216,Gaurav Nandan,EE,S8C4,male
1234,23B2144,Smita Sengupta,EC,S8D1,female
1235,23B2140,Raj Verma,EP,S8D1,male
1236,23B2109,Rhea Mehta,ES,S8D1,male
1237,23B0719,Manav Nair,EE,S8D1,male
1238,23B0065,Manisha Deshmukh,EE,S8D1,male
1239,23B2446,Neha Kulkarni,EE,S8D1,male
1240,23B2159,Rohan Sinha,ES,S8D2,female
1241,23B0711,Anjali Tiwari,EP,S8D2,male
1242,23B0075,Bhavna Kumar,EE,S8D2,male
1243,23B2523,Ramesh Trivedi,EE,S8D2,male
1244,23B0433,Nikhil Chawla,EE,S8D2,male
1245,23B1209,Vikas Nair,EE,S8D2,male
1246,23B1275,Kabir Solanki,EE,S8D3,female
1247,23B2427,Rakesh Sethi,EP,S8D3,male
1248,23B2120,Saurabh Vyas,EC,S8D3,male
1249,23B1228,Shruti Bhardwaj,EE,S8D3,female
1250,23B0992,Diya Rao,EE,S8D3,male
1251,23B0024,Nisha Agarwal,EE,S8D3,male
1252,23B3925,Mohit Sinha,EE,S8D4,female
1253,23B3971,Rohan Bhattacharya,EP,S8D4,male
1254,23B0760,Divya Sengupta,ES,S8D4,male
1255,23B1224,Rajesh Rana,EC,S8D4,male
1256,23B3007,Ritu Rana,EE,S8D4,male
1257,23B4231,Tara Dubey,EE,S8D4,male
1258,23B0423,Kiran Suresh,EE,S8D5,female
1259,23B3024,Kunal Verma,EP,S8D5,male
1260,23B1238,Mohit Yadav,ES,S8D5,male
1261,23B0381,Shreya Mehta,EE,S8D5,male
1262,23B3934,Naina Karthik,EE,S8D5,male
1263,23B0974,Rahul Raman,EE,S8D5,male
1264,23B0336,Bhavna Malhotra,EE,S8E1,female
1265,23B0044,Maya Deshmukh,EP,S8E1,male
1266,23B0435,Bhavna Nandan,EC,S8E1,male
1267,23B4216,Manisha Malik,ES,S8E1,male
1268,23B3006,Maya Sood,EE,S8E1,male
1269,23B0715,Rhea Shah,EE,S8E1,male
1270,23B0640,Rakesh Malhotra,EE,S8E2,female
1271,23B2151,Vishal Kumar,EP,S8E2,male
1272,23B0363,Sneha Vyas,ES,S8E2,male
1273,23B0684,Sonal Mishra,EC,S8E2,male
1274,23B0670,Devansh Tiwari,EE,S8E2,male
1275,23B2172,Lata Dasgupta,EE,S8E2,male
1276,23B2295,Sanya Kapadia,EE,S8E3,female
1277,23B0964,Shruti Sengupta,EP,S8E3,male
1278,23B2230,Rohit Sood,EE,S8E3,female
1279,23B1307,Ayesha Menon,EE,S8E3,male
1280,23B0975,Smita Kumar,EE,S8E3,male
1281,23B2194,Vikram Dixit,EE,S8E3,male
1282,23B3979,Pooja Shah,EP,S8E4,male
1283,23B0977,Vishal Nikam,ES,S8E4,female
1284,23B0725,Siddhi Shah,EE,S8E4,male
1285,23B1038,Devansh Sengupta,EE,S8E4,male
1286,23B3907,Deepak Dasgupta,EE,S8E4,male
1287,23B1522,Yash Bhardwaj,EE,S8E4,male
1288,23B4245,Amitabh Mehta,EP,S8E5,female
1289,23B0415,Akash Banerjee,EE,S8E5,male
1290,23B0953,Sonal Trivedi,EE,S8E5,male
1291,23B2215,Shruti Shukla,EE,S8E5,male
1292,23B1041,Pooja Nair,EE,S8E5,male
1293,23B2207,Karan Desai,EE,S8E5,male
1294,23B1851,Aarav Vyas,EE,S8E5,male
1295,23B1311,Anika Pandey,EC,S8F1,female
1296,23B0322,Deepak Kapoor,EP,S8F1,male
1297,23B0696,Pallavi Pillai,ES,S8F1,male
1298,23B2245,Sanjay Ranganathan,EE,S8F1,male
1299,23B2495,Shreya Mishra,EE,S8F1,male
1300,23B0633,Nisha Verma,EE,S8F1,male
1301,23B1268,Rakesh Mukherjee,EE,S8F2,female
1302,23B0039,Devansh Sen,EP,S8F2,male
1303,23B1014,Nidhi Chatterjee,ES,S8F2,male
1304,23B4211,Mohit Mathur,EE,S8F2,male
1305,23B2444,Shruti Patel,EE,S8F2,male
1306,23B2257,Meera Yadav,EE,S8F2,male
1307,23B3988,Manisha Nair,EE,S8F3,female
1308,23B0411,Tara Yadav,EP,S8F3,male
1309,23B0651,Abhishek Pillai,EC,S8F3,male
1310,23B2243,Rahul Roy,ES,S8F3,male
1311,23B1821,Sameer Kapoor,EE,S8F3,male
1312,23B2438,Aditi Khandelwal,EE,S8F3,male
1313,23B1830,Gaurav Verma,EE,S8F4,female
1314,23B0957,Devansh Singhal,EP,S8F4,male
1315,23B1256,Abhishek Thakur,EE,S8F4,female
1316,23B1294,Nidhi Verma,EE,S8F4,male
1317,23B0620,Siddhi Sinha,EE,S8F4,male
1318,23B1303,Vikas Shukla,EE,S8F4,male
1319,23B1309,Ayesha Kapoor,EP,S8F5,male
1320,23B1856,Shruti Bose,EC,S8F5,male
1321,23B0730,Rohan Kapoor,ES,S8F5,female
1322,23B2519,Kiran Sethi,EE,S8F5,male
1323,23B2248,Abhishek Patel,EE,S8F5,male
1324,23B1310,Meera Nair,EE,S8F5,male
1325,23B0942,Pallavi Roy,EP,S8F5,male
